PLAYER	RATING
4k.c 5	2974
4k.c 8	3063
4ku 1.1	2608
4ku 2.0	2781
4ku 3.0	2907
4ku 3.1	2910
4ku 4.0	3040
4ku 5.1	3036
Abbess 2016.12.11	2149
Abbess 2018.02.07	2171
Abbess 2022B	2386
AbhinEngine 1.0.1	1713
Abrok 5.0	2510
Absolute-Zero 2.4.0.0	2348
Absolute-Zero 2.4.4.0	2342
Absolute-Zero 2.4.7.2	2398
Absolute-Zero 3.3.2.0	2414
Abulafia 0.61	1597
ACE 0.1	698
Achillees 1.0	2298
Achillees 1.0.1	2278
Aconcagua 4.1.0	2535
Aconcagua 5.0.0	2695
Aconcagua 5.1.0	2720
Acqua 20160614	870
Acqua 20160918	843
AcquaD 3.2.26	888
AcquaD 3.9.1 LDC	1027
AdaChess 1.0	1236
AdaChess 2.0	1762
AdaChess 20161108	1808
AdaChess 20170209	1801
AdaChess 3.1	1926
AdaChess 3.4	1846
AdaChess 3.6	2072
AdaChess 4.0	2146
Adam 3.1	2195
Adam 3.2	2234
Adam 3.3	2321
Adamant 1.7	1871
Admete 1.2.1	2347
Admete 1.3.0	2451
Admete 1.4.0	2477
Admete 1.5.0	2600
Admete 1.6.0	2797
Admete 1.7.0	2885
Admete 1.8.0	3096
AdroitChess 0.3	2110
AdroitChess 0.4	2189
AICE 0.99.2	2416
Ajedrez Tactico 2.73b	1937
akimbo 0.1.1	2530
akimbo 0.2.0	2586
akimbo 0.3.0	2652
akimbo 0.4.0	2784
akimbo 0.4.1	2873
akimbo 0.5.0	3044
akimbo 0.6.0	3346
akimbo 0.7.0	3405
akimbo 0.8.0	3458
akimbo 1.0.0	3489
Aku 2025.7.9	3060
Alaric 0702b	2648
Alaric 704	2674
Alaric 707	2717
Alarm 0.93.1	2264
ALChess 1.5b	1804
ALChess 1.7	1977
ALChess 1.84	2078
Alcibiades 0.2.7	2184
Alcibiades 0.3.0	2179
Aldebaran 0.7.0	1850
Alex 1.78	1931
Alex 1.96	2190
Alex 2.03	2287
Alex 2.07a	2407
Alex 2.09	2381
Alex 2.12a	2412
Alex 2.13	2405
Alex 2.14a	2441
Alexandria 2.3	3112
Alexandria 2.4	3242
Alexandria 3.0	3245
Alexandria 3.0.1	3276
Alexandria 3.0.2	3286
Alexandria 3.1.0	3296
Alexandria 3.5	3342
Alexandria 4.0	3449
Alexandria 5.0	3532
Alexandria 5.1.0	3543
Alexandria 6.0.0	3556
Alexandria 6.1.0	3581
Alexandria 7.0.0	3606
Alexandria 7.1.0	3622
Alexandria 8.0.0	3630
Alexandria 8.1.0	3634
Alexandria 8.1.12	3638
Alexandria 8.1.2	3638
Alexandria 9.0.0	3646
Alf 1.09	2229
Alfil 11	2620
Alfil 12	2680
Alfil 13.1	2696
Alfil 15.7	3080
Alfil 15.8	3002
Alfil 6.10	2425
Alfil 7.6	2429
Alfil 8.1.1	2675
Algae 1.0	1179
Alibaba 1.38	1732
Alibaba 1.40	1604
AliChess 4.06	2309
AliChess 4.08	2277
AliChess 4.16	2295
AliChess 4.18	2324
AliChess 4.19	2324
AliChess 4.20	2350
AliChess 4.21	2339
AliChess 4.25	2335
Allie 0.5	3406
Alouette 0.0.3	758
Alouette 0.0.5	1007
Alouette 0.1.1	1035
Alouette 0.1.4	927
Alouette 0.1.5	913
Alpaca 0.2.5	1809
Alpaca 0.2.6	1821
Altair 1.0.0	2468
Altair 2.0.0	2881
Altair 3.0.0	3030
Altair 4.0.0	3070
Altair 5.0.0	3176
Altair 6.0.0	3450
Altair 7.0.0	3497
Amateur 2.82	2443
Amateur 2.86	2441
Amelia 0.12	1926
Amelia 0.15	2059
Amira 1.0	2317
Amira 1.4	2406
Amira 1.61	2626
Amira 1.71	2647
Amira 1.79	2658
Amira 1.82	2764
Amoeba 1.0	2703
Amoeba 1.2	2703
Amoeba 1.3	2748
Amoeba 1.4	2762
Amoeba 2.0	2791
Amoeba 2.1	2781
Amoeba 2.3	2824
Amoeba 2.4	2868
Amoeba 2.5	2907
Amoeba 2.6	2939
Amoeba 2.7	2949
Amoeba 2.8	2966
Amoeba 3.0	3012
Amoeba 3.1	3026
Amoeba 3.2	3038
Amoeba 3.3	3026
Amoeba 3.4	3046
Amundsen 0.65.1	2267
Amundsen 0.80	2431
Amy 0.87b	2461
Amy 0.9.5	2466
Amy 0.9.7	2529
Amyan 1.597	2535
Amyan 1.62	2608
Amyan 1.72	2660
Anaconda 2.0.1	2612
Anatoli 0.35k	2532
Andscacs 0.62u	2670
Andscacs 0.62w	2718
Andscacs 0.63	2780
Andscacs 0.64	2797
Andscacs 0.70	2882
Andscacs 0.71	2929
Andscacs 0.72	2990
Andscacs 0.80	2991
Andscacs 0.81	3048
Andscacs 0.82	3051
Andscacs 0.83	3070
Andscacs 0.84	3102
Andscacs 0.85	3094
Andscacs 0.86	3129
Andscacs 0.872	3154
Andscacs 0.88	3158
Andscacs 0.89	3182
Andscacs 0.90	3184
Andscacs 0.91	3182
Andscacs 0.91b	3122
Andscacs 0.92	3202
Andscacs 0.921	3204
Andscacs 0.93	3190
Andscacs 0.94	3190
Andscacs 0.95	3199
Anechka 0.08	2342
Anka 0.5.0	2371
Anka 0.6.0	2505
Anka 0.6.3	2528
AnMon 5.50	2582
AnMon 5.60	2581
AnMon 5.66	2585
AnMon 5.75	2603
Annie 1.2	2773
Anodos 1.3.0	2663
Ant 2006-F	2331
Anubis 3.01	3137
Anubis 3.02	3161
Anubis 3.06	3164
Apep 0.1.0	1651
APILChess 1.05r1b	1634
APILChess 1.05r1c	1670
Apollo 1.1	1530
Apollo 1.2.1	1923
Apotheosis 1.0.1	1897
Apotheosis 2.0.0	2117
Apotheosis 3.0.0	2416
Apotheosis 4.0.1	2819
Arabian Knight 1.51	2012
Arabian Knight 1.55	2105
Aramis 1.3.0	2525
Aramis 1.4.0	2817
Arasan 10.0	2542
Arasan 10.1	2504
Arasan 10.2	2536
Arasan 10.3	2560
Arasan 10.4	2530
Arasan 11.3	2525
Arasan 11.4	2547
Arasan 11.6	2610
Arasan 11.7	2609
Arasan 12.0	2610
Arasan 12.1	2612
Arasan 12.2	2589
Arasan 12.3	2623
Arasan 13.0	2660
Arasan 13.1	2639
Arasan 13.2	2652
Arasan 13.4	2688
Arasan 14.1	2673
Arasan 14.3	2665
Arasan 15.1	2756
Arasan 15.6	2775
Arasan 16.0	2768
Arasan 16.1	2795
Arasan 16.2	2781
Arasan 16.3	2831
Arasan 17.0	2831
Arasan 17.1	2840
Arasan 17.2	2839
Arasan 17.3	2840
Arasan 17.4	2887
Arasan 17.5	2893
Arasan 18.0	2916
Arasan 18.2	2940
Arasan 18.3	2934
Arasan 19.0.1	2941
Arasan 19.1	2962
Arasan 19.2	3001
Arasan 20.0	3006
Arasan 20.1	3027
Arasan 20.2	3067
Arasan 20.3	3058
Arasan 20.4.1	3076
Arasan 20.5	3074
Arasan 21.0	3074
Arasan 21.1	3122
Arasan 21.2	3125
Arasan 21.3	3144
Arasan 21.4	3152
Arasan 22.0	3167
Arasan 22.1	3182
Arasan 22.2	3184
Arasan 22.3	3164
Arasan 23.0	3135
Arasan 23.0.1	3330
Arasan 23.1	3274
Arasan 23.2	3358
Arasan 23.3	3404
Arasan 23.4	3418
Arasan 23.5	3409
Arasan 24.0	3490
Arasan 24.1	3510
Arasan 24.2.2	3518
Arasan 25.0	3529
Arasan 25.1	3552
Arasan 25.2	3563
Arasan 25.3	3553
Arasan 9.2	2443
Arasan 9.5	2499
Arcanum 1.11.1	2294
Arcanum 1.12	2377
Arcanum 2.0	2564
Arcanum 2.1	2797
Arcanum 2.2	2939
Arcanum 2.3	3102
Arcanum 2.3.1	3114
Arcanum 2.4	3179
Arcanum 2.5	3255
Arcanum 2.6	3304
Arcanum 2.7	3366
Arche 0.3.3	1516
Ares 1.0	2333
Ares 1.003a	2382
Ares 1.004	2437
Ares 1.005	2497
Ares 1.005.2	2504
Ares 1.005.2.1	2506
Ares 2.3.14	2568
Ares 2.3.15	2536
Ares 2.5	2553
Ares 3.0.3	2908
Ares 5.2.4	2969
Ares 5.45	3038
Ares GB	2473
Ares GB 1.1	2474
Arion 1.7	2426
Aristarch 4.50	2638
Aristarch 4.51	2656
Armageddon 2.308	2121
Arminius 2013-08-10	2648
Arminius 2014-01-18	2568
Arminius 2015-08-06	2646
Arminius 2017-01-01	2734
Arminius 2018-12-23	2809
asmBrainFish 170825	3509
asmBrainFish 171107	3502
asmBrainFish 180510	3542
asmBrainFish 9	3528
asmFish 170819	3447
asmFish 171019	3456
asmFish 171119	3453
asmFish 180503	3493
asmFish 191017	3451
asmFish 9	3481
Asterisk 0.6	2405
Asterisk 0.6b	2398
Astra 3.2	2938
Astra 4.0.1	3301
Astra 4.1	3338
Astra 5.0	3500
Astra 5.1	3562
Astra 5.1.1	3537
Astra 5.2	3570
Astra 6.0	3597
Astra 6.1.1	3602
Asymptote 0.1.8	2279
Asymptote 0.2.0	2407
Asymptote 0.3	2564
Asymptote 0.4.2	2656
Asymptote 0.5	2729
Asymptote 0.6	2891
Asymptote 0.6.3	2907
Asymptote 0.7	2922
Asymptote 0.8	2961
Atak 6.0	2247
Atak 6.2	2171
Atak 6.5	2269
Atak 6.7	2314
Atak 6.8	2302
Athena 1.0.1	1806
Atlas 2.20	2298
Atlas 3.14b	2505
Atlas 3.20	2608
Atlas 3.25	2634
Atlas 3.50	2729
Atlas 3.60	2749
Atlas 3.70em	2838
Atlas 3.80	2907
Atlas 3.90	2946
Atlas 3.91	2938
Atlas 4.25	3089
Atlas 4.35	3123
Aurora 1.0.0	2332
Aurora 1.16.2	2530
Aurora 1.22.0	2680
Aurora 1.25.4	2747
Aurora 1.26.0	2855
Austerlitz 1.4.7	2385
Avalanche 0.2	2522
Avalanche 0.2.1	2616
Avalanche 0.2.2	2643
Avalanche 1.0.0	2805
Avalanche 1.1.0	2920
Avalanche 1.2.0	3050
Avalanche 1.3.0	3073
Avalanche 1.3.1	3135
Avalanche 1.4.0	3189
Avalanche 1.5.0	3227
Avalanche 2.0.0	3303
Avalanche 2.1.0	3347
Averno 0.81	2397
Ax 0.8	2158
Axolotl 1.1 Nov 2018	1618
Axolotl 1.5	2261
Axolotl 1.8	2491
Axolotl 1.9	2596
Ayito 0.2.994	2380
BACE 0.45	1822
BACE 0.46	1769
BACE 4.5	1792
BACE 4.6	1564
BadChessEngine 0.4.4	2124
Bagatur 1.2b	2243
Bagatur 1.2d	2301
Bagatur 1.3a	2399
Bagatur 1.4b	2501
Bagatur 1.4c	2402
Bagatur 1.4d	2508
Bagatur 1.4e	2517
Bagatur 1.5a	2438
Bagatur 1.5c	2483
Bagatur 1.5e	2565
Bagatur 1.5f	2577
Bagatur 1.5g	2570
Bagatur 1.6	2558
Bagatur 1.6c	2562
Bagatur 1.7	2703
Bagatur 1.7a	2743
Bagatur 1.8	2869
Bagatur 1.8a	2882
Bagatur 1.9	2955
Bagatur 1.9a	3011
Bagatur 2.0	3000
Bagatur 2.1	2975
Bagatur 2.2	3047
Bagatur 2.2a	3041
Bagatur 2.2c	3021
Bagatur 2.2e	3041
Bagatur 2.3	3039
Bagatur 3.0	3064
Bagatur 3.2	3053
Bagatur 3.3	3042
Bagatur 3.6b	3052
Bagatur 3.7a	3020
Bagatur 3.7b	3028
Bagatur 3.7d	3010
Bagatur 4.1a	3006
Bagatur 5.1	3341
Bagatur 5.1c	3413
Bagatur 5.2	3392
Bagatur 5.3	3417
Bagatur 5.4	3418
Baislicka 1.0	2304
BamBam	2033
Barbarossa 0.1.0	1967
Barbarossa 0.3.0	2261
Barbarossa 0.4.0	2353
Barbarossa 0.5.0	2410
Barbarossa 0.6.0	2522
Barbarossa 0.7.0	2568
BBC 1.0	2076
BBC 1.1	2199
BBC 1.2	2134
BBChess 1.3a	2533
BBChess 1.3b	2550
Beaches 2.32	1923
Bearded 06 29	2250
Bearded 06 29 02	2224
Bearded N44.2	2346
Bearded N44.5	2494
Beef 0.3.6	3124
Belette 2.0.0	2287
Belette 3.0.0	2857
BeLL 0.0.41	2062
Belofte 0.9.0	987
Belofte 0.9.12	1401
Belofte 0.9.3	1391
Belofte 2.0.8	1021
Belofte 2.1.0	1296
Belofte 2.1.1	1243
Belofte 2.1.2	1244
Belofte 2.1.3	1423
Belofte 2.1.5	1373
Belofte 2.1.8	1486
Belofte 2.1.9	1515
Belzebub 0.67	1812
Benjamin 1.0	2739
Benjamin 1.1	2808
Beowulf 2.4a	2319
BeRoChess 1.00	1895
Berserk 1.2.2	2276
Berserk 10	3540
Berserk 11	3589
Berserk 11.1	3577
Berserk 12	3623
Berserk 13	3628
Berserk 2.0.0	2625
Berserk 20250606	3639
Berserk 230818	3611
Berserk 3.2.0	2942
Berserk 3.2.1	2998
Berserk 4.1.0	3114
Berserk 4.2.0	3179
Berserk 4.4.0	3297
Berserk 4.5.1	3322
Berserk 5.0	3386
Berserk 6	3401
Berserk 6.0	3400
Berserk 7	3448
Berserk 7.0	3454
Berserk 8	3479
Berserk 8.5	3495
Berserk 8.5.1	3501
Berserk 9	3513
Bestia 0.90	2133
Betsabe II 1.05	2248
Betsabe II 1.08c	2323
Betsabe II 1.09	2384
Betsabe II 1.09c	2292
Betsabe II 1.28	2457
Betsabe II 1.30	2497
Betsabe II 1.47	2537
Betsabe II 1.66	2549
Betsabe II 1.75	2581
Betsabe II 1.84	2609
Betsabe II 1.96	2644
Betsabe II 2020	2660
Betsabe II 2023	2679
Betsy 6.51	2449
BibiChess 0.5	2068
Bienchen 1.0	2473
BigLion 2.23w	2174
BigLion 2.23x	2120
BikJump 1.3	1929
BikJump 1.8	2163
BikJump 2.01	2214
Bismark 1.4	2093
Bison 8.2.4r	2358
Bison 9.11	2802
Bison 9.6	2682
Bison 9.8	2713
bitbit 1.2	3086
bitbit 1.3	3147
bitbit 1.4	3260
bitbit 1.5	3302
bitbit 1.6	3299
Bitfoot 1.0.d9aeb43	2492
Bit-Genie 1.0.0	1911
Bit-Genie 2	2011
Bit-Genie 4	2334
Bit-Genie 5	2490
Bit-Genie 7	2772
Bit-Genie 8	2903
Bit-Genie 9	3084
Black Marlin 1.0	2878
Black Marlin 2.0	2963
Black Marlin 3.0	3112
Black Marlin 4.0	3173
Black Marlin 5.0	3277
Black Marlin 6.0	3353
Black Marlin 7.0	3408
Black Marlin 8.0	3462
Black Marlin 9.0	3501
BlackBishop 0.47	2271
BlackBishop 0.98	2260
BlackBishop 1.0	2270
BlackCore 1.0	2248
BlackCore 2.0	3038
BlackCore 3.0	3078
BlackCore 4.0	3206
BlackCore 5.0	3242
BlackCore 5.1	3339
BlackCore 6.0	3375
BlackMamba 1.2b	3046
BlackMamba 1.2c	3052
BlackMamba 1.4	3084
BlackMamba 2.0	3107
BLANK 1.2.0	1781
BLANK 1.3.0	1891
Blikskottel 0.8	1622
BlitzKibitz 5	1359
Blitzkrieg	2267
Blitzter 2.0	1313
Blocky 2.0.0	2672
Blunder 4.0.0	1865
Blunder 5.0.0	2198
Blunder 6.1.0	2271
Blunder 7.1.0	2503
Blunder 7.4.0	2607
Blunder 7.6.0	2695
Blunder 8.0.0	2732
Blunder 8.5.5	2747
Blunders 0.1.0	1589
Bobcat 2.75	2737
Bobcat 20110220	2628
Bobcat 20110414	2660
Bobcat 3.25	2765
Bobcat 6.4b	2840
Bobcat 7.1	2896
Bobcat 7.6	2944
Bobcat 8.0	2981
Bodo 0.2b	2178
Booot 4.10.1	2544
Booot 4.11.1	2532
Booot 4.12.0	2554
Booot 4.12.1	2565
Booot 4.13.0	2605
Booot 4.13.1	2627
Booot 4.14.0	2698
Booot 4.15.0	2730
Booot 4.15.1	2730
Booot 5.0	2859
Booot 5.1.0	2891
Booot 5.2.0	2948
Booot 6.0.2	3063
Booot 6.1	3108
Booot 6.2	3171
Booot 6.3	3227
Booot 6.3.1	3212
Booot 6.4	3252
Booot 6.5	3282
Booot 7.0	3364
Booot 7.0-beta	3351
Booot 7.1	3416
Booot 7.2	3476
Booot 7.3	3494
Booot 7.4	3577
Bouquet 1.5	3115
Bouquet 1.6	3123
Bouquet 1.8	3107
Boychesser 1.0	2795
Braincrack alpha	1572
BrainFish 170826	3486
BrainFish 171104	3489
BrainFish 171119	3496
BrainFish 180113	3500
BrainFish 180227	3517
BrainFish 180423	3514
BrainFish 180613	3533
BrainFish 180728	3542
BrainFish 190310	3568
BrainFish-2 11	3602
BrainFish-2 190310	3578
BrainFish-2 190531	3571
BrainFish-2 190726	3581
BrainFish-2 191007	3603
BrainFish-2 200329	3625
BrainFish-2 200724	3611
Brainless 20081212	2244
Brama 051204	1343
Bread 0.0.2	2095
Bread 0.0.8	2470
Bread 1.1.0	2686
Bread 1.2.0	2745
Bread 1.3.0	2750
Bread 1.4.0	2823
Bread 1.5.0	2955
Bread 1.5.5	2954
Bread 1.6.0	3010
Bread 2.0.0	3266
Bread 2.1.1	3355
Bread 3.0.0	3450
BremboCE 0.6.2	1931
Bright 0.1d	2703
Bright 0.2a	2699
Bright 0.2b	2742
Bright 0.2c	2753
Bright 0.3a	2807
Bright 0.3b	2825
Bright 0.3d	2825
Bright 0.4a	2837
Bright 0.5c	2824
Bruja 1.9.1	2542
Brutus	581
Brutus 5.4	2358
Brutus 6.0	2335
Brutus 6.1	2378
Brutus 7.02b	2588
Brutus 8.05	2632
BSC 3.9	2090
BSC 3.9++	2058
Bubble 1.5	2115
BugChess2 1.4.1	2418
BugChess2 1.5.1	2601
BugChess2 1.5.2	2614
BugChess2 1.6.2	2648
BugChess2 1.6.3	2701
BugChess2 1.6.4	2719
BugChess2 1.7	2753
BugChess2 1.9	2816
Bullitchess 1.0	1765
Bullitchess 1.0.1	1683
Bumblebee 1.0	2517
Bumblebee 1.0.36898e1	2504
Butcher 1.60n1	2347
Butcher 1.61	2369
Butcher 1.64	2357
Butter 1.0	1991
Butterfly 0.4	1632
Butterfly 0.5	1771
Buzz 0.07	2174
Buzz 0.08	2313
byte-knight 3.0.0	2453
c4ke 1.1	3207
c4ke 2.0	3238
c4ke 3.0	3282
Cadabra 1.0.0	1590
Cadabra 2.0.0	2147
Cadie 1.3	2915
Cadie 1.4	2927
Cadie 1.5	2975
Cadie 1.7	3032
Cadie 1.8	3125
Cadie 2.0	3194
Cadie 2.1	3255
Caissa 0.7.0	3189
Caissa 0.8	3274
Caissa 0.9	3295
Caissa 1.0	3325
Caissa 1.1	3355
Caissa 1.10	3493
Caissa 1.11	3514
Caissa 1.12	3532
Caissa 1.13.1	3546
Caissa 1.14.1	3569
Caissa 1.15	3579
Caissa 1.16	3589
Caissa 1.17	3595
Caissa 1.18	3597
Caissa 1.19	3601
Caissa 1.2	3360
Caissa 1.20	3611
Caissa 1.21	3618
Caissa 1.22	3620
Caissa 1.23	3624
Caissa 1.24	3623
Caissa 1.3	3364
Caissa 1.4	3379
Caissa 1.5	3386
Caissa 1.6	3396
Caissa 1.6.3	3418
Caissa 1.7	3453
Caissa 1.8	3475
Caissa 1.9	3486
Caligula 0.7b	2501
Caligula 0.8	2595
Caligula 0.9g	2672
Caligula 0.9i	2658
Caligula 1.0b	2739
Caligula 1.1	2760
Caligula 2.0	2943
Caligula 3.0	3093
Caligula 3.1	3146
Caligula 4.0	3223
Caligula 5.0	3231
Caligula 6.0	3286
Caligula 7.0	3288
Calvin 2.6.2	2332
Calvin 3.2.0	2385
Calvin 3.3.0	2564
Calvin 4.0.2	3026
Calvin 4.1.0	3127
Calvin 4.2.0	3131
Calvin 4.3.0	3274
Calvin 5.0.2	3335
Calvin 5.1.0	3417
Calvin 6.0.0	3488
Calvin 6.1.0	3532
Calvin 6.1.1	3528
Camel 1.2.0	2206
Camel 1.4.0	2293
Camel 1.5.0	2327
Camel 1.6.0	2360
Capivara LK 0.08a11	2355
Capivara LK 0.09a01a	2382
Capivara LK 0.09a02a	2393
Capivara LK 0.09a02c	2447
Capivara LK 0.09b02c	2629
Capivara LK 0.09b02d	2615
Capivara LK 0.09b02f	2631
Capivara LK 0.09b02g	2613
Captain 2.0	1227
Captain 4.0	2150
Capture	2462
Carballo 0.4	2001
Carballo 0.5	2189
Carballo 0.8	2268
Carballo 1.1	2447
Carballo 1.1.1	2447
Carballo 1.2	2536
Carballo 1.3	2532
Carballo 1.4	2615
Carballo 1.5	2628
Carballo 1.6	2747
Carballo 1.7	2780
Carp 2.0.0	3134
Carp 3.0.0	3468
Carp 3.0.1	3459
Casanchess 0.9	2835
Casper	1745
Cassandre 0.24	1370
Catalyst 1.0	3071
Catalyst 2.0.0	3218
Catto 0.12.6	1432
CDrill 1800 build 4	1954
CDrill 2000	2141
Cecir 3.5	1910
CederChess 1	1424
CederChess 2	1551
CeeChess 1.3	2342
CeeChess 1.3.2	2343
CeeChess 1.4	2502
CeeChess 2.0	2626
CeeChess 2.2	2674
Cefap 0.72	1638
Ceibo 0.3.65	1862
Ceibo 0.4	2117
Ceibo 0.5	2429
Ceibo 0.6	2469
Ceibo 0.7	2659
Ceibo 0.8	2758
Ceibo 0.9	2915
Ceibo 1.0	2989
Celeris 0.0.1	3111
Celeris 2.0	3424
Celes 0.77c	1959
Celes 0.78 RWBC	2098
Celestial 1.0	1842
Cerebro 3.03b	2509
Cerebro 3.03d	2543
CeruleanJS 0.1.1 Blizzard	1468
CeruleanJS 0.2.0 Cobalt	1582
CFish 12	3697
CFish 210324	3679
Chad's Chess 0.15	1190
chai 2.5.5	2278
chai 2.6.6	2349
chai 3.4.0	2434
Chal 1.3.0	2422
Chal 1.3.2	2577
Chancellor 1.0	1738
ChandraChess 2.0	3182
Chareth 2020-06-28	1941
Chaturanga 2.4.3	2382
Cheers 0.1	2503
Cheers 0.2	2686
Cheers 0.2.2	2686
Cheers 0.3.0	2892
Cheers 1.0.0	3036
Cheese 1.1b	2381
Cheese 1.2	2408
Cheese 1.3	2414
Cheese 1.3b	2390
Cheese 1.4	2541
Cheese 1.5	2569
Cheese 1.6.1	2612
Cheese 1.7	2721
Cheese 1.8	2742
Cheese 1.9	2773
Cheese 2.0	2831
Cheese 2.1	2866
Cheese 2.2	2889
Cheese 3.0.0	2881
Cheese 3.0.1	2871
Cheese 3.1.0	2976
Cheese 3.1.1	2958
Cheese 3.2.0	2967
Cheese 3.2.1	2956
Cheese 3.3.0	2963
Chenard 2009.09.19	1882
Chenard 2010.08.23	1914
Chenard 2013.02.27	1938
Chenard 2015.04.08	1913
Chenard 2015.08.14	1886
Chenard 2018.03.06	1934
Cheng 4.39	2972
Cheng 4.40	3023
Cheng 4.41	3056
Cheng 4.42	3090
Cheng 4.43	3138
Cheng 4.44	3182
Cheng 4.45	3255
Cheng 4.46	3332
Cheng 4.47	3367
Cheng 4.48	3399
Cheng3 1.02b	2515
Cheng3 1.03	2590
Cheng3 1.04	2641
Cheng3 1.05	2657
Cheng3 1.06	2621
Cheng3 1.07	2704
Cheng4 0.35a	2770
Cheng4 0.36a	2800
Cheng4 0.36c	2861
Cheng4 0.38	2934
Chengine	1847
Chers 0.3.2	1750
Chers 0.7.1	1902
Chers 0.8.0	1907
Chesley	2264
Chess 1.3.1 by David Cimbalista	1464
Chess 4.1a	1808
Chess System Tal 2.00	3565
Chess System Tal 2.00 Elo	3566
Chess System Tal 2.1	3404
Chess System Tal Extreme	3297
Chess Tiger 15	2694
Chess Tiger 2004	2648
Chess Tiger 2007	2744
Chess Tiger 2007 Gambit	2682
Chess Tiger 2007.1	2761
chess.cpp 4.0	3391
chess.cpp 4.10	3441
chess22k 1.1	2378
chess22k 1.10	2986
chess22k 1.11	3035
chess22k 1.12	3090
chess22k 1.13	3090
chess22k 1.14	3106
chess22k 1.2	2493
chess22k 1.3	2595
chess22k 1.4	2742
chess22k 1.5	2790
chess22k 1.6	2867
chess22k 1.7	2933
chess22k 1.8	2983
chess22k 1.9	2992
Chess-3 1.47	2730
Chess-3 2.0	2844
Chess-3 3.0	3020
Chess4j 0.1	1019
Chess4j 1.2	1146
Chess4j 2.0	1742
Chess4j 3.0	1938
Chess4j 3.1	1973
Chess4j 3.2	2075
Chess4j 3.4.1	2088
Chess4j 3.5	2113
Chess4j 5.1	2439
Chess4j 6.0	2433
chess4j 6.1	2441
chess4j 6.2	2478
ChessAlex 2.0r4	2303
Chessatron 1.0	2973
Chessatron 1.3.14159	2995
Chessatron 1.3.14c	2986
ChessBrainVB 2.05	2708
ChessBrainVB 3.02	2790
ChessBrainVB 3.03	2872
ChessBrainVB 3.20	2868
ChessBrainVB 3.31	2915
ChessBrainVB 3.50	2962
ChessBrainVB 3.60	2939
ChessBrainVB 3.61	3037
ChessBrainVB 3.66	3038
ChessBrainVB 3.68	3063
ChessBrainVB 3.70	3048
ChessBrainVB 3.72	3077
ChessBrainVB 3.74	3077
ChessBrainVB 4.00	3107
ChessBrainVB 4.02	3173
ChessBrainVB 4.03a	3163
ChessGM 0.7.0	2589
Chessier 0.1.0	1617
Chessika 2.21	1613
Chessika 2.27	1606
ChessKISS 1.3	2070
ChessKISS 1.3a	2110
ChessKISS 1.7	2288
ChessKISS 1.7c	2272
ChessKISS 1.8	2263
ChessKISS 1.8d	2297
Chessmaster 11	2738
Chessmaster 11 Aiglos II	2757
Chessmaster 11 Archangel	2762
Chessmaster 11 Conqueror	2745
Chessmaster 11 Gil-Galad	2745
Chessmaster 11 Leonidas	2732
Chessmaster 11 Paralyse	2741
Chessmaster 11 Toxic	2741
ChessMatrix 1.0.4	2072
ChessMatrix 1.0.5	2002
ChessMatrix 1.0.6	2052
ChessMatrix 1.1.1	2195
ChessMind 0.80	2082
ChessMind 0.82	2171
Chessnix 1.0	2873
Chessnix 1.2	3029
Chessnix 1.3	3220
chessplusplus 1.0.0	2064
chessplusplus 1.2.0	2338
Chessputer revision 7	1158
ChessRikus 1.466	1765
ChessterfieldCL i5a	1984
ChessV 2.2	2110
Chezzz 1.0.3	2417
Chiron 0.8.7	2642
Chiron 1.1a	3008
Chiron 1.5	3018
Chiron 2	3054
Chiron 3.01	3090
Chiron 4	3153
Chiron 5	3222
Chispa 4.0.3	2325
Chronos 1.9.4	2538
Chronos 1.9.5	2628
Chronos 1.9.6	2639
Chronos 1.9.7	2692
Chronos 1.9.8	2747
Chronos 1.9.9	2793
Cicada 0.1	1722
Cilian 4.14	2050
Cinder 0.1.3	3501
Cinder 0.1.4	3522
Cinder 0.2.0	3547
Cinder 0.3.1	3572
Cinder 0.4.1	3590
Cinnamon 1.1c	2082
Cinnamon 1.2a	2104
Cinnamon 1.2b	2119
Cinnamon 2.0	2141
Cinnamon 2.1	2117
Cinnamon 2.2a	2195
Cinnamon 2.3	2324
Cinnamon 2.3.3	2338
Cinnamon 2.4	2459
Cinnamon 2.5	2441
CiorapBot 0.3	2115
Clarabit 1.00	2213
Clarity 2.0.0	2443
Clarity 3.0.0	3113
Clarity 4.0.0	3379
Clarity 4.1.0	3381
Clarity 5.1.0	3420
Clarity 6.0.0	3478
Clarity 7.0.0	3551
Clarity 7.2.0	3556
Clarity 8.0.0	3549
ClassicAra 0.9.0	2595
ClassicAra 0.9.3	2569
ClassicAra 0.9.5.post0	2691
ClassicAra 0.9.9	2585
Claudia 0.5	2041
Claudia 0.5.1	2056
Cleo 1	1714
Clever Girl	2258
Clockwork	3333
Clover 2.3.1	3145
Clover 2.4	3208
Clover 3.0	3268
Clover 3.1	3356
Clover 3.2.1	3393
Clover 3.3	3455
Clover 3.3.1	3447
Clover 4.0	3494
Clover 4.1	3505
Clover 5	3522
Clover 5.0	3514
Clover 6	3541
Clover 6.0	3541
Clover 6.1	3562
Clover 6.2	3574
Clover 7.0	3588
Clover 7.1	3594
Clover 8.0	3595
Clover 8.0.2	3586
Clover 8.1	3588
Clover 8.2	3597
Clover 8.2.1	3606
Clover 8.2.5	3599
Clover 9.0	3618
Clover 9.1	3630
Clovis 1.3	2394
Clovis 1.6	2569
Clovis 1.7	2613
Clovis 1.8	2675
Clovis 2.0	2778
Clovis II	2889
Clovis III	2887
Clownfish 0.1	1706
Clueless 1.4	2021
CM10th Default	2683
CM10th Guardian	2699
CM10th Lazarus	2719
CM10th Magic II	2704
CM10th Ogre	2716
CM10th Paralyse	2706
CM10th Pestilence	2711
CM10th Warrior	2697
CM10th Xperience	2706
CM9000 Assassin	2704
CM9000 Default	2690
CM9000 Enforcer	2711
Cmcchess 2.27	1348
Cmcchess 2.5	1815
Cmcchess 2.6	2464
Coiled 0.1a	1828
Coiled 0.2b	2122
Coiled 0.4	2599
Coiled 0.5	2677
Coiled 0.6	2650
Coiled 1.1	3310
Coiled 1.2	3258
Colossus 2006d	2554
Colossus 2006f	2606
Colossus 2007a	2617
Colossus 2007b	2620
Colossus 2007c	2645
Colossus 2007d	2666
Colossus 2008a	2630
Colossus 2008b	2698
Colossus 2021a	2796
Colossus 2021b	2835
Colossus 2022a	2828
Colossus 2024a	2825
Colossus 2024b	2830
Colossus 2025a	2867
Colossus 2025b	2896
Combusken 1.0.0	2984
Combusken 1.1.0	3051
Combusken 1.1.1	3014
Combusken 1.2.0	3076
Combusken 1.3.0	3111
Combusken 1.3.1	3085
Combusken 1.4.0	3152
Combusken 2.0.0	3275
Comet B50	2468
Comet B68	2464
CookieCat 2012.10.10	1831
Cosette 1.0	1994
Cosette 2.0	2110
Cosette 3.0	2205
Cosette 4.0	2460
Cosette 5.1	2535
Counter 0.8	2416
Counter 1.0	2437
Counter 1.1	2517
Counter 1.2	2525
Counter 1.99	2523
Counter 2.0.1	2605
Counter 2.0.2	2630
Counter 2.1.0	2626
Counter 2.5	2641
Counter 2.6	2684
Counter 2.7	2730
Counter 2.8	2712
Counter 2.9	2759
Counter 3.0	2796
Counter 3.1	2842
Counter 3.2	2882
Counter 3.3	2915
Counter 3.4	2938
Counter 3.5	2971
Counter 3.7	3019
Counter 3.8	3060
Counter 3.9	3115
Counter 4.0	3129
Counter 4.1	3141
Counter 5.0	3299
Counter 5.5	3325
CPP1	783
Crabby 2.0	2191
Crabby 2.0.0	2223
Crafty 18.15	2580
Crafty 19.19	2556
Crafty 20.11	2564
Crafty 20.13	2564
Crafty 20.14	2574
Crafty 21.5	2604
Crafty 21.6	2606
Crafty 22.0	2587
Crafty 22.1	2622
Crafty 22.10	2635
Crafty 22.4	2637
Crafty 22.8	2659
Crafty 23.0	2708
Crafty 23.1	2754
Crafty 23.2	2771
Crafty 23.3	2801
Crafty 23.4	2813
Crafty 23.5	2831
Crafty 23.6	2845
Crafty 23.8	2867
Crafty 24.0	2838
Crafty 24.1	2852
Crafty 25.0	2915
Crafty 25.1	2924
Crafty 25.2	2974
Crafty 25.3	2985
Crafty 25.6	2979
Critter 0.38	2491
Critter 0.40	2636
Critter 0.42	2773
Critter 0.52	2836
Critter 0.52b	2854
Critter 0.60	2887
Critter 0.70	2989
Critter 0.80	3013
Critter 0.90	3079
Critter 1.01	3100
Critter 1.2	3141
Critter 1.4	3146
Critter 1.6	3143
Critter 1.6a	3153
CSTal 2.0	3571
CT800 1.11	2339
CT800 1.12	2311
CT800 1.20	2310
CT800 1.30	2334
CT800 1.31	2309
CT800 1.32	2345
CT800 1.33	2379
CT800 1.34	2392
CT800 1.40	2471
CT800 1.41	2457
CT800 1.42	2526
CT800 1.43	2558
CT800 1.44	2608
CT800 1.45	2789
CT800 1.46	2786
CuckooChess 1.09	2581
CuckooChess 1.10	2558
CuckooChess 1.11	2609
CuckooChess 1.12	2679
CuckooChess 1.13	3062
Cupcake 1.0	2109
Cupcake 1.1a	2129
Cupcake 1.1c	2190
Cwtch 1	2760
Cwtch 2	3225
Cwtch 3	3231
Cwtch 4	3246
CyberPagno 2.1	2313
CyberPagno 2.2	2414
CyberPagno 2.3	2429
CyberPagno 3.0	2567
Cyclone 1.0	2847
Cyclone 2.2	2842
Cyclone 3.4	2888
Cyclone xTreme	2890
Cyclone xTreme Fury	2892
Cyclone xTreme Rage	2888
Cyrano 0.2f	2467
Cyrano 0.3	2507
Cyrano 0.5	2647
Cyrano 0.6b17	2703
Dabbaba 2.62	1947
Dabbaba 5.67	2072
Dabbaba 6.52	2052
Dabbaba 7.49	2024
Dabbaba 7.49o	2018
Damas 9	1738
DanaSah 2.44	2428
DanaSah 2.73	2456
DanaSah 2.85	2485
DanaSah 3.63	2485
DanaSah 4.24	2578
DanaSah 4.37	2569
DanaSah 4.45	2564
DanaSah 4.60	2609
DanaSah 4.66	2600
DanaSah 4.88	2602
DanaSah 5.00	2601
DanaSah 5.06	2585
DanaSah 5.07	2634
DanaSah 6.50	2647
DanaSah 6.80	2661
DanaSah 7.0	2662
DanaSah 7.3	2687
DanaSah 7.9	2686
DanaSah 8.3	2748
DanaSah 8.8	3175
DanaSah 9.0	3229
Danasah 9.0	3228
DanaSah 9.1	3250
Danchess	2575
Dark Toga 1.1	3198
DarkFusch 0.9	1420
DarkTemplar 0.1	1229
Darky 0.5d	1752
Daydreamer 1.5	2410
Daydreamer 1.75	2727
Daydreamer 2.0.0-pre2	2922
DChess 1.0.2	1797
Deep Fritz 10	2822
Deep Fritz 10.1	2873
Deep Fritz 11	2964
Deep Fritz 12	2965
Deep Fritz 13	3013
Deep Fritz 14	3074
Deep Junior 10	2801
Deep Junior 11.1a	2880
Deep Junior 11.2	2877
Deep Junior 12	2931
Deep Junior 12.5	2960
Deep Junior 13	2966
Deep Junior 13.3	2962
Deep Junior Yokohama	2938
Deep Shredder 10	2834
Deep Shredder 11	2890
Deep Shredder 12	2986
Deep Shredder 13	3254
Deep Sjeng 1.6	2628
Deep Sjeng 2.5	2723
Deep Sjeng 2.7	2771
Deep Sjeng 3.0	2882
Deep Sjeng 3.6 a16	3496
Deep Sjeng 3.6 a30	3516
Deep Sjeng c't 2010	2982
Deep Sjeng WC2008	2888
Deepov 0.4.1	1995
DeepSaros 2.3j	3106
DeepSaros 3.0	3082
DeepSaros 3.1a	2987
DeepSaros 3.3b	3105
DeepSaros 4.1.3c	3093
DeepSaros 4.1.6	3106
Defenchess 1.0	2887
Defenchess 1.1e	3077
Defenchess 1.1f	3051
Defenchess 2.0	3216
Defenchess 2.1	3200
Defenchess 2.2	3221
Defenchess 2.3	3261
Delfi 4.6	2636
Delfi 5.0	2636
Delfi 5.1	2678
Delfi 5.2	2669
Delfi 5.4	2746
Delimiter 0.1.1	1157
Delocto 0.6	2654
Delocto 0.61n	2836
Delocto 200419	2775
Delphil 1.6c	2477
Delphil 1.8	2482
Delphil 1.9c	2492
Delphil 1.9f	2456
Delphil 1.9g	2512
Delphil 2.3	2504
Delphil 2.6a	2491
Delphil 2.6b	2511
Delphil 2.6c	2504
Delphil 2.7	2518
Delphil 2.8	2536
Delphil 2.9a	2550
Delphil 2.9f	2538
Delphil 2.9g	2495
Delphil 3.0	2524
Delphil 3.1	2540
Delphil 3.2	2535
DelphiMAX 2.9	2134
Demolito 2017-06-18	2908
Demolito 2017-08-26	2935
Demolito 2018-03-01	2973
Demolito 2018-10-29	3034
Demolito 2019-04-27	3036
Demolito 2019-05-05	3092
Demolito 2019-07-15	3082
Demolito 2019-10-08	3086
Demolito 2020-01-11	3149
Demolito 2020-02-08	3114
Demolito 2020-03-30	3134
Demolito 2020-04-10	3120
Demolito 2020-05-14	3128
Demolito 2020-10-10	3143
Demolito 2021-04-03	3159
Demolito 2021-07-09	3137
Demolito 2021-10-04	3153
Der Bringer 1.9	2457
Detroid 0.9.0	2172
Detroid 1.0.1	2616
Deuterium 06.07.24.61b	2277
Deuterium 06.07.24.62b	2247
Deuterium 06.07.24.63b	2264
Deuterium 06.07.24.68b	2309
Deuterium 06.07.24.71b	2221
Deuterium 06.08.25.04	2305
Deuterium 09.01.26.492	2638
Deuterium 10.01.27.213	2680
Deuterium 11.01.28.159	2690
Deuterium 11.02.29.107	2710
Deuterium 12.01.30.1070	2740
Deuterium 13.1.31.113	2772
Deuterium 14.1.32.119	2864
Deuterium 14.2.33.276	2888
Deuterium 14.3.34.130	2923
Deuterium 2018.1.35.514	2963
Deuterium 2019.1.36.50	3012
Deuterium 2019.2.37.73	3033
Devel 1.8090	2754
Devel 2.0000	2767
Devel 3.0.0a	2814
Devel 3.2.9	2808
Devel 3.8.4	2845
Devel 4.0.2.3	2827
Devre 1.0	2981
Devre 2.0	3103
Devre 3.0	3278
Devre 4.0	3380
Devre 5.0	3366
Devre 6.0	3495
Diablo 0.5.1	2471
Dika 0.4209	1173
Dimitri 3.61	2362
Dimitri 3.81	2389
Dimitri 3.93	2438
Dimitri 350a	2404
Dimitri 4.00	2547
Dimitri 4.77	2562
Dimitri 4.90	2623
Dimitri 4.99	2642
Dimitri 5.2.3	2599
Dirty 0.99 OW5	2446
Dirty 0.99n	2406
Dirty 0.99z	2435
Dirty 05Sep2012	2800
Dirty 10Apr2015	2855
Dirty 11D-27	2609
Dirty 14M-22	2536
Dirty 20Apr2013	2812
Dirty 23Mar2012	2750
Dirty 24Apr2011	2694
Dirty 25Aug2011	2730
Dirty 30Apr2017	2903
Dirty 3Nov2015	2897
Dirty 6J-22	2596
Dirty ACCA3	2453
Dirty ACCA4	2615
Dirty Catpaw	3037
Dirty CUCUMBER	2964
Dirty Duna	3004
DisasterArea 1.54	2865
DisasterArea 1.65	2904
DiscoCheck 1.4	2265
DiscoCheck 3.5.1	2714
DiscoCheck 3.7.1	2791
DiscoCheck 4.0.3	2768
DiscoCheck 4.1	2786
DiscoCheck 4.3	2817
DiscoCheck 5.0.1	2859
DiscoCheck 5.1	2891
DiscoCheck 5.2	2941
DiscoCheck 5.2.1	2941
Djinn 0.925x	2459
Djinn 0.969	2565
Djinn 0.979	2607
Djinn 0.987	2661
Djinn 0.992	2652
Djinn 1.006	2704
Djinn 1.008	2670
Djinn 1.010	2705
Djinn 1.021	2728
Doch 09.980	2886
Doch 1.2	2913
Doch 1.3.4	2932
Doctor 3.0	2363
DoctorB 1.0.1	1496
DoctorB 1.2.1	1641
Dog 2.6c	2530
Dog 2.8	2540
Dog 3.0	2918
Dog 3.1c	2981
Dog 3.4	2999
Dog 4.10	3181
Dog 4.10.1	3202
Dog 4.10.2	3218
Dolphin 1.0	2242
Donna 1.0	2433
Donna 2.0	2627
Donna 2.1	2601
Donna 3.0	2641
Donna 3.1	2651
Donna 4.0	2687
Donna 4.1	2767
Dorky 3.48	2331
Dorky 4.0	2512
Dorky 4.3	2526
Dorky 4.5	2570
Dorky 4.6	2540
Dorky 4.8	2628
Dorpsgek Ambrosia 3	1799
Dorpsgek Cosmopolitan 1	2284
Dorpsgek Cosmopolitan 2	2269
Dorpsgek Dillinger	2299
Dorpsgek Eve's Temptation	2323
DoubleCheck 1.0	1970
DoubleCheck 1.3.1	2208
DoubleCheck 2.1	2212
DoubleCheck 2.3.1	2313
DoubleCheck 2.5.4	2460
DoubleCheck 3.1	2553
Dragon	3561
Dragon 1.0	3579
Dragon 2	3552
Dragon 2.0	3562
Dragon 2.5	3604
Dragon 2.6	3614
Dragon 3	3537
Dragon 3.1	3622
Dragon 3.2	3630
Dragon 3.3	3635
Dragon 4.6	2493
Dragontooth 0.2 Bahamut	1443
Dreamer	1200
Dreamer 0.3.0	1698
Drofa 1.0.0	2170
Drofa 1.3.1	2519
Drofa 2.0.0	2527
Drofa 2.1.0	2635
Drofa 2.2.0	2683
Drofa 3.0.0	2931
Drofa 3.1.0	3018
Drofa 3.2.0	3087
Drofa 3.3.0	3165
Drofa 3.3.22	3222
Drofa 4.0.0	3219
Drofa 4.1.0	3251
Drosophila 1.4	2341
Drosophila 1.5.1	2546
Drosophila 1.6	2729
Dumb 1.11	2785
Dumb 1.2	2352
Dumb 1.3	2383
Dumb 1.4	2443
Dumb 1.5	2649
Dumb 1.6	2653
Dumb 1.8	2739
Dumb 1.9	2774
Dumb 2.0	2816
Dumb 2.1	2876
Dumb 2.3	2875
E.T. Chess 13.01.08	2691
E.T. Chess 18.11.05	2579
Eagle 0.7.5	2033
EasyPeasy 1.0	970
Ecce 1.0	2140
ECE 0.3	2018
ECE 1.1	2141
ECE 11.01	2297
ECE 12.01	2394
ECE 19.6.6.1	2764
ECE 19.6.6.3	2757
ECE 20.1	2749
ECE X	2579
ECE X2	2559
ECE X3	2703
ECE X3.5	2716
Echekinator 1.0	2305
Eden 0.0.13	1569
Eeyore 1.48	2388
Eeyore 1.50	2427
Eeyore 1.52	2507
Eggnog	2664
Eggnog 4.0	2495
Eggnog 5	2243
Eggnog 5.0	2308
Eggnog 6	2551
Eia 0.2	1922
Eia 0.3	2060
Eidolon 1.0.0	2995
Eleanor 1.0	2837
Eleanor 2.0	3316
Eleanor 3.0	3423
Elektro 1.2	3093
Elephant 1.06	2098
Elf 1.3.0	1873
Elixir 1.0	2868
Elixir 2.0	3001
Elixir 3.0	3511
Embla 0.9.2	1689
Embla 0.9.3	1669
Embla 0.9.5	1778
Embla 0.9.9	2041
Embla 1.0.1	2126
Embla 1.0.2	2172
Embla 1.0.3	2240
Embla 2.0.0	2207
Embla 2.0.1	2178
Embla 2.0.5	2188
Embla 2.0.7	2281
Embracer 1.12	1924
Emerald 0.1.1	1626
Emerald 0.2.0	1761
Emerald 0.3.0	1961
Emerald 0.4.0	2509
Endamat 20210217	1564
Endamat 20220217	1639
EnginMax 5.24	2566
Enigma 1.1.4	1912
EnkoChess 190817	1840
EnkoChess 2017.08.19	1875
EnkoChess 2017.09.01	1852
EnkoChess 290818	1815
Enxadrista 1.01	1384
Eques 1.0.0	1930
Equinox 3.20	3152
Equinox 3.30	3161
Equisetum 1.0	3485
Esc 1.16	2372
Ethereal 10.00	3150
Ethereal 10.55	3241
Ethereal 11.00	3285
Ethereal 11.12	3262
Ethereal 11.25	3266
Ethereal 11.50	3299
Ethereal 11.53	3272
Ethereal 11.75	3297
Ethereal 12.00	3324
Ethereal 12.25	3312
Ethereal 12.50	3340
Ethereal 12.62	3369
Ethereal 12.75	3368
Ethereal 13	3415
Ethereal 13.00	3427
Ethereal 13.07	3336
Ethereal 13.25	3450
Ethereal 13.50	3475
Ethereal 13.75	3501
Ethereal 14.00	3563
Ethereal 14.25	3597
Ethereal 7.33	2276
Ethereal 7.60	2527
Ethereal 7.70	2572
Ethereal 7.78	2648
Ethereal 8.00	2673
Ethereal 8.02	2703
Ethereal 8.05	2662
Ethereal 8.12	2665
Ethereal 8.13	2665
Ethereal 8.16	2683
Ethereal 8.19	2743
Ethereal 8.28	2803
Ethereal 8.37	2867
Ethereal 8.61	2897
Ethereal 8.62	2909
Ethereal 8.81	2966
Ethereal 9.00	3021
Ethereal 9.30	3056
Ethereal 9.65	3089
Etude 0.1.2	2072
Eubos 1.0.2	1411
Eubos 1.0.6	1596
Eubos 1.0.8	1609
Eubos 1.1.0	1534
Eubos 1.1.2	1614
Eubos 1.1.6	1672
Eubos 2.0	1777
Eubos 2.10	2204
Eubos 2.11	2176
Eubos 2.12	2223
Eubos 2.15	2323
Eubos 2.17	2321
Eubos 2.2	1937
Eubos 2.20	2396
Eubos 2.23	2450
Eubos 2.25	2446
Eubos 2.4	1966
Eubos 2.6	2008
Eubos 3.0.0	2508
Eubos 3.3	2485
Eubos 3.5	2543
Eubos 3.6	2519
Eubos 3.7	2555
Eubos 3.8.1	2562
Eubos 3.9	2587
Eubos 4.0	2638
Eubos 4.1	2632
Eubos 4.2	2707
Eubos 4.3	2713
Euwe 1.2.1	2507
Euwe 1.3.0	2471
Euwe 2.0.0	2698
Euwe 2.1.0	2908
EveAnn 1.62	2286
EveAnn 1.63	2278
EveAnn 1.64	2327
EveAnn 1.66	2335
EveAnn 1.67	2400
EveAnn 1.70	2399
EveAnn 1.71	2426
EveAnn 1.71a	2402
EveAnn 1.72	2409
EveAnn 1.73	2446
EveAnn 2.1	3041
EveAnn 2.2	2983
EveAnn 3.0	3095
EveAnn 3.1	3133
EveAnn 3.2	3157
EveAnn 3.4	3183
EveAnn 3.5	3205
EveAnn 3.6	3228
EveAnn 3.7	3217
EveAnn 4.0	3267
Exacto 0.d	1658
Exacto 0.e	2334
EXchess 4.03	2316
EXchess 5.01b	2346
EXchess 5.04b	2284
EXchess 6.02b	2429
EXchess 6.10b	2585
EXchess 6.50b	2740
EXchess 6.71b	2731
EXchess 7.01b	2750
EXchess 7.03b	2767
EXchess 7.11b	2807
EXchess 7.18b	2819
EXchess 7.26b	2821
EXchess 7.31b	2829
EXchess 7.51b	2891
EXchess 7.71b	2902
EXchess 7.88b	2913
EXchess 7.92b	2906
EXchess 7.97b	2948
Expositor 2BR17	3275
Expositor 2WN29	3194
Expositor 2WQ23	3123
Expositor 4WR02	3337
FabChess 1.11	2677
FabChess 1.12	2839
FabChess 1.12.8	2817
FabChess 1.13	2935
FabChess 1.14	2972
FabChess 1.15	3012
FabChess 1.16	3047
FabChess 1.8	2489
FabChess 1.9	2599
FabChess 1.9.1	2581
Facon 1.0	1567
Facon 1.2	1971
Faile 1.4.4	2102
Fairy-Max 5.0b	2015
Fairy-Max 5.0b3	2040
Fat Fritz	3512
Fat Fritz 2	3623
Fat Fritz Junior	3076
Fatalii 0.1.1	1435
Fatalii 0.10.0	2800
Fatalii 0.2.0	1844
Fatalii 0.3.0	1995
Fatalii 0.4.0	2182
Fatalii 0.5.0	2369
Fatalii 0.6.0	2459
Fatalii 0.7.0	2507
Fatalii 0.8.0	2620
Fatalii 0.9.0	2699
FAUCE 0.41c	1925
feeks 2018-01-31 LM	1236
Feuerstein 0.4.4.2	2062
Feuerstein 0.4.6.1	2303
Fimbulwinter 5.00	1507
Fire 10	3525
Fire 1072022	3390
Fire 3.0	3133
Fire 4	3202
Fire 5	3247
Fire 6.1	3231
Fire 7.1	3290
Fire 8	3390
Fire 8.1	3390
Fire 8.2	3394
Fire 8.3	3395
Fire 8.N Raptor	3472
Fire 8.NN	3507
Fire 9	3436
Fire 9.2	3488
Fire 9.3	3534
FireFly 2.1.3	2082
FireFly 2.5.10	2276
FireFly 2.5.12	2309
FireFly 2.5.13	2289
FireFly 2.5.4	2162
FireFly 2.5.6	2181
FireFly 2.5.8	2246
FireFly 2.6.0	2295
FireFly 2.7.0	2338
FireFly 2.7.2	2377
Fischerle 0.9.30b	2208
Fischerle 0.9.50	2310
Fischerle 0.9.60	2336
Fischerle 0.9.65	2363
Fischerle 0.9.70	2370
Fischerle 0.9.80	2374
Fizbo 1.1	2836
Fizbo 1.2	2882
Fizbo 1.31	2944
Fizbo 1.4	2941
Fizbo 1.5	2996
Fizbo 1.6	3034
Fizbo 1.7	3120
Fizbo 1.8	3167
Fizbo 1.9	3204
Fizbo 2	3220
FKTB 0.0.76	2357
Floyd 0.6	2203
Floyd 0.7	2360
Floyd 0.8	2519
Floyd 0.9	2672
Flux 2.2.1	2486
Fornax 1-2	2385
Fornax 3.0	2432
Fornax 4.0	2564
Fortress 1.62	2253
FoxChess 1.0	2784
FoxSEE 0.1.9	1844
FoxSEE 0.2.3	1874
FoxSEE 2.12.0	2149
FoxSEE 3.2.1	2246
FoxSEE 3.3.3	2262
FoxSEE 3.3.4	2252
FoxSEE 5.0.0	2390
FoxSEE 5.0.1	2419
FoxSEE 5.1.2	2375
FoxSEE 5.3	2404
FoxSEE 6.3.1	2329
FoxSEE 7.20.1	2477
FoxSEE 7.21.0	2522
FoxSEE 7.32.1	2557
FoxSEE 7.35.0	2540
FoxSEE 8.2	2573
FracTal 1.0	1780
Francesca MAD 0.13	2478
Francesca MAD 0.15	2590
Francesca MAD 0.16	2584
Francesca MAD 0.18	2636
Francesca MAD 0.19	2637
Francesca MAD 0.20	2679
Francesca MAD 0.21	2743
Francesca MAD 0.22	2768
Francesca MAD 0.23	2811
Francesca MAD 0.24	2811
Francesca MAD 0.25	2854
Francesca MAD 0.26	2877
Francesca MAD 0.27	2914
Francesca MAD 0.28	2941
Francesca MAD 0.29	2950
Francesca MAD 0.30	2963
Francesca MAD 0.30a	2970
Francesca MAD 0.31	2972
Francesca MAD 0.31a	2987
Francesca MAD 0.32	2981
Frank 0.58	1306
FrankWalter 1.08	2117
FrankWalter 2.2.3	2472
FrankWalter 2.2.6	2461
FrankWalter 2.2.8	2531
FrankWalter 2.3.3	2514
FrankWalter 2.3.4	2538
FrankWalter 2.3.5	2568
FrankWalter 2.4.0	2605
Franky 1.0	2069
FrankyGo 1.0.0	2158
FrankyGo 1.0.2	2192
Freda 0.99	2060
Freda 1.0	2271
Freda 1.1	2359
FreeChessII 2.17	2020
Frenzee 1.1	2578
Frenzee 148	2455
Frenzee 2.0	2614
Frenzee 3.0	2642
Frenzee 3.5.19	2817
Frenzee Dec07	2714
Frenzee Feb08	2746
Frenzee PSW	2651
Freyr 1.068	2148
Freyr 1.070	2066
Fridolin 2.00	2601
Fridolin 3.00	2746
Fridolin 3.10	2742
Fridolin 4.00	2816
Fritz 10	2843
Fritz 11	2912
Fritz 12	2956
Fritz 13	2996
Fritz 15	3145
Fritz 16	3147
Fritz 17	3212
Fritz 18	3297
Fritz 18 Neuronal	3326
Fritz 20	3589
Fritz 4.01	2583
Fritz 5.32	2608
Fritz 6 Light	2602
Fritz 8	2743
Fritz 8 Bilbao	2760
Fritz 9	2802
Frolic 1.9	2564
Frozenight 1.0.1	2518
Frozenight 2.0.0	2678
Frozenight 2.1.0	2746
Frozenight 3.0.0	2919
Frozenight 4.0.0	3028
Frozenight 5.0.0	3073
Frozenight 5.1.0	3089
Frozenight 6.0.0	3323
Fruit 05/11/03	2837
Fruit 2.1	2743
Fruit 2.2.1	2805
Fruit 2.3	2847
Fruit 2.3.1	2844
Fruit Reloaded 15th ann.	2947
Fruit Reloaded 3.2.1	2883
Gaia 3.5	2498
Gaia 4.1.3	3560
Galjoen 0.32	2105
Galjoen 0.33	2073
Galjoen 0.34	2115
Galjoen 0.35.2	2173
Galjoen 0.36	2223
Galjoen 0.37.2	2279
Galjoen 0.38	2406
Galjoen 0.39	2470
Galjoen 0.40	2645
Galjoen 0.41.2	2580
Gandalf 4.32h	2629
Gandalf 6	2687
Gandalf 7	2721
GarboChess 0.21	2290
GarboChess 2.10	2656
GarboChess 2.20	2662
GarboChess 3.0	2637
Gargamella 0.5.0	1837
Gaviota 0.74.41	2530
Gaviota 0.75.7	2503
Gaviota 0.80	2597
Gaviota 0.83	2673
Gaviota 0.84	2721
Gaviota 0.85.1	2763
Gaviota 0.86	2845
Gaviota 1.0	2913
GC-Engine 1.2	1392
GChess IV 0.2.0	1906
GearHeart 0.16	1934
Gedeone 1620	1652
Genesis 2.0	2277
Genesis 2.01b	2265
Gerbil 0.2	2164
Ghost 0.14	2213
Ghost 2.0.1	2443
Ghost 2.0.2	2557
Ghost 3	2606
Ghost 3.1	2599
Gibbon 2.01b	2138
Gibbon 2.42c	2302
Gibbon 2.52a	2307
Gibbon 2.57a	2374
Gibbon 2.60a	2424
Gibbon 2.69a	2397
Ginkgo 5.40	3606
Ginkgo Santiago 1.0	3558
Ginkgo Valencia 1.01	3466
Ginkgo Vienna	3432
Giraffe 20150828	2452
Giraffe 20150908	2519
Giraffe 20161023	2464
GIUChess 1.0 beta2	1267
GK 0.90	2227
Gladiator 0.0.7	1555
Glass 0.1.0c	2279
Glass 1.2	2360
Glass 1.3	2440
Glass 1.5	2442
Glass 1.6	2524
Glass 1.7	2613
Glass 1.8	2612
Glass 1.9	2662
Glass 2.0	2675
Glaurung 080420	2822
Glaurung 1.0.2	2685
Glaurung 1.1	2688
Glaurung 1.2.1	2722
Glaurung 2 epsilon/5	2744
Glaurung 2.0.1	2802
Glaurung 2.1	2837
Glaurung 2.2	2848
GNU Chess 5.07	2339
GNU Chess 5.07.153b	2629
GNU Chess 5.07.1705b	2659
GNU Chess 5.07.173b	2657
GNU Chess 5.07.9b	2439
GNU Chess 5.50	2816
GNU Chess 5.60	2859
GNU Chess 6.25	2709
GnuCheese 1.00	2841
Godel 2.05	2660
Godel 2.3.7	2684
Godel 3.4.9	2786
Godel 4.0.7	2833
Godel 4.4.5	2870
Godel 5.5.1	2928
Godel 6.0	2972
Godel 7.0	3009
Gogobello 0.10	1991
Gogobello 0.11	2087
Gogobello 0.12	2194
Gogobello 1.0	2515
Gogobello 1.1	2607
Gogobello 1.2	2652
Gogobello 1.3	2701
Gogobello 1.4	2788
Gogobello 2.0	2911
Gogobello 2.1	2944
Gogobello 2.2	3001
Gogobello 3	3288
Goldfish 1.11.2	2035
Goldfish 1.13.0	2113
Goldfish 2.1.1	2398
Golem 0.441	1820
GOOB 1.0.0	2370
GOOB 1.8.9	3066
Googleplex Starthinker 1.4	2404
Googleplex Starthinker 1.6	2470
Googleplex Starthinker 1.7b17	2470
GopherCheck 0.2.2	2242
GopherCheck 0.2.3	2320
Gosu 0.16	2469
Gothmog 1.0b10	2554
Goyaz 0.007	1611
Grail 1.0.2	2958
Grail 1.0.4	3062
Grail 1.1.0	3296
Grapefruit 1.0	2890
Grapefruit 1.0 a2b	2865
Grapefruit 1.0a3	2847
GrayMatter SVN1604	1375
Green Light Chess 3.00	2550
Green Light Chess 3.01.2.2	2575
GreKo 10.0	2580
GreKo 10.2	2576
GreKo 10.3.1	2582
GreKo 12.0	2606
GreKo 12.1	2653
GreKo 12.5	2629
GreKo 12.8	2666
GreKo 12.9	2639
GreKo 13.1	2634
GreKo 2015	2656
GreKo 2015-ML	2667
GreKo 2016	2671
GreKo 2017	2673
GreKo 2018	2761
GreKo 2018.01	2672
GreKo 2018.02	2698
GreKo 2018.05	2663
GreKo 2018.06	2683
GreKo 2018.07	2765
GreKo 2018.08	2769
GreKo 2018.12	2777
GreKo 2020.01	2793
GreKo 2020.03	2795
GreKo 2021.06	2825
GreKo 2021.08	2841
GreKo 2021.10	2796
GreKo 2021.12	2823
GreKo 5.1	2320
GreKo 5.2.5	2350
GreKo 5.5	2374
GreKo 5.9	2414
GreKo 6.25	2441
GreKo 6.30	2444
GreKo 6.5	2430
GreKo 7.0	2444
GreKo 7.2	2487
GreKo 8.0	2515
GreKo 8.2	2586
GreKo 9.2	2564
GreKo 9.7	2561
GreKo 9.8	2546
GreKo PSQ 1.0	2628
Gringo 1.4.9b	1434
Grizzly 1.40.1b	1919
Grizzly 2.0.8x	1726
Gromit 2.20	2343
Gromit 3.8.2	2518
Gull	3025
Gull 0.11a	2919
Gull 0.12a	2941
Gull 1.0a	2960
Gull 1.1	2938
Gull 1.2	2964
Gull 2.1	3102
Gull 2.2	3099
Gull 2.3	3147
Gull 2.8b	3170
Gull 3	3177
Gull 3.1	3135
Gull II	3047
Gull II b2	3055
Gullydeckel 2.16pl1	2115
Gunborg 1.35	2194
Gyatso 1.0	2231
Gyatso 1.1.0	2626
Gyatso 1.2.0	2728
Hactar 0.9.0	1564
Haddock 0.2.1	1456
Hagrid 0.7.56	2316
Hakkapeliitta 1.0	2583
Hakkapeliitta 2.0	2787
Hakkapeliitta 3.0	2995
Hakkapeliitta TCEC v2	3032
Halcyon 1	2270
Halogen 10	3186
Halogen 10.23.11	3369
Halogen 11	3382
Halogen 11.4	3367
Halogen 12	3464
Halogen 13	3542
Halogen 14	3589
Halogen 15	3603
Halogen 15.0.0	3597
Halogen 16	3629
Halogen 16.0.0	3632
Halogen 2.7.3	1963
Halogen 2.8.1c	1968
Halogen 3.0	2196
Halogen 4	2319
Halogen 5	2457
Halogen 6	2522
Halogen 7	2699
Halogen 8	2896
Halogen 8.1	3033
Halogen 9	3141
Hamsters 0.0.6	2265
Hamsters 0.2	2458
Hamsters 0.4	2539
Hamsters 0.5	2570
Hamsters 0.6	2627
Hamsters 0.7	2672
Hamsters 0.7.1	2650
Hannibal 05 20 10	2863
Hannibal 05 24 10v2	2883
Hannibal 1.0a	2880
Hannibal 1.1	2931
Hannibal 1.2	2966
Hannibal 1.3	3007
Hannibal 1.4b	3043
Hannibal 1.5	3080
Hannibal 1.7	3118
Hanzo The Razor	1322
Hardfiskur	2884
HeavyChess 0.13 beta	1983
Hedgehog 1.802	2082
Hedgehog 1.804	2091
Hedgehog 1.806	2097
Hedgehog 1.808	2160
Hedgehog 1.81	2192
Hedgehog 1.813	2239
Hedgehog 1.814	2242
Hedgehog 1.82	2211
Hedgehog 1.9	2206
Hedgehog 1.99	2359
Hedgehog 2.0	2495
Hedgehog 2.407	2641
Hedgehog 2.6	2715
Heimdall 0.4	2898
Heimdall 1.0.0	3199
Heimdall 1.1.1	3341
Heimdall 1.2.2	3395
Heimdall 1.3.0	3440
Heimdall 1.3.2	3428
Heimdall 1.4.0	3520
Heimdall 1.4.1	3538
Heimdall 1.4.2	3538
Heracles 0.5.9	1908
Heracles 0.6.16	2058
Hermann 1.3.1	2340
Hermann 1.9	2471
Hermann 2.0	2461
Hermann 2.3	2518
Hermann 2.4	2567
Hermann 2.5	2575
Hermann 2.6	2598
Hermann 2.8	2597
Hiarcs	2875
Hiarcs 10	2790
Hiarcs 11	2845
Hiarcs 11.1	2865
Hiarcs 11.2	2861
Hiarcs 12	2882
Hiarcs 12.1	2879
Hiarcs 13.1	2951
Hiarcs 13.2	2966
HIARCS 14	3017
HIARCS 15.0	3259
HIARCS 15.1	3269
HIARCS 15.2	3288
HIARCS 15.3	3270
HIARCS 15.3.1	3295
HIARCS 15.4	3286
Hiarcs 9	2689
Hiarcs X50	2802
Hiarcs X54	2799
Hippocampe 0.4.1	1173
Hippocampe 0.4.2	1171
Hobbes 1.0	3606
HoiChess 0.103	1933
HoiChess 0.18	1947
HoiChess 0.21.0	1907
HoiChess 0.22.0	1973
Hokus-Pokus 0.6.3	1680
Homer 1.1b3	2365
Homer 2.01	2454
Homura	2597
Honzovy Sachy 1.0	1519
Honzovy Sachy 2	2181
Hopper 1.0	1949
Hopper 1.8	2432
Horizon 4.3	2374
Horizon 4.4	2438
Horowitz 2.1.0	2231
Horowitz 2.2.0	2277
Horsie 1.0	3607
Horsie 1.1	3616
Horsie 1.1.0	3615
Houdini 1.03a	3175
Houdini 1.5a	3165
Houdini 2.0c	3212
Houdini 3	3239
Houdini 4	3253
Houdini 5	3389
Houdini 5.01	3416
Houdini 6	3415
Hunyadi 2.0	1539
Hunyadi 3.0	1484
Hussar 0.1	2236
Hussar 0.2	2324
Hussar 0.4	2509
IACH 0.56z	2040
iCE 0.1	2253
iCE 0.2	2432
iCE 0.3	2543
iCE 1.0	2768
iCE 2.0	2951
iCE 3.0	3080
iCE 4.0	3105
ice4 6.0	3087
ice4 6.1	3112
ice4 v3	2836
ice4 v3.1	2864
ice4 v4	2970
ice4 v5	3024
ice4 v6	3148
ice4 v6.1	3185
Ifrit j2.9	2179
Ifrit j3.6	2304
Ifrit j3.8	2249
Ifrit j4.2	2216
Ifrit j4.3	2251
Ifrit m1.5	2452
Ifrit m1.6	2440
Ifrit m1.8	2493
Igel 1.1	2690
Igel 1.2	2686
Igel 1.4	2691
Igel 1.4.1	2708
Igel 1.4.2	2725
Igel 1.5	2757
Igel 1.5.1	2794
Igel 1.6.0	2819
Igel 1.7.0	2858
Igel 1.8.2	2823
Igel 1.8.3	2891
Igel 1.9.0	2870
Igel 2.0.0	2976
Igel 2.1.0	2991
Igel 2.2.2	3010
Igel 2.3.0	3052
Igel 2.3.1	3107
Igel 2.4.0	3107
Igel 2.5.0	3129
Igel 2.6.0	3153
Igel 2.7.0	3248
Igel 2.8.0	3309
Igel 2.9.0	3314
Igel 3.0.0	3355
Igel 3.0.5	3379
Igel 3.1.0	3394
Igel 3.2.0	3426
Igel 3.3.0	3462
Igel 3.4.0	3508
Igel 3.5.0	3538
Igel 3.6.0	3562
Illumina 1.0	2780
Illumina 2.0	3066
Illumina 3	3384
Illumina 3.0	3382
Inanis 1.0.1	2754
Inanis 1.1.0	2820
Inanis 1.2.0	2885
Inanis 1.3.0	2879
Inanis 1.4.0	2963
Inanis 1.5.0	3005
Inanis 1.6.0	3067
Infrared 2.0.1	2250
Infrared 2.0.2	2275
InmiChess 3.05	2272
InmiChess3.06N	2272
Integral 3	3277
Integral 4	3395
Integral 5	3599
Integral 6	3618
Integral 7.0.0	3623
Integral v2	3041
Integral v3	3287
Integral v4	3392
Integral v5	3600
Integral v6	3601
Integral v7	3619
Invictus	2986
Invictus 0.001	2241
Iota 1.0	1306
Ippolit 032424	3073
IQ23.00	1703
IQ23.003	1783
Irina 0.15	1620
Iris 2.0	3414
Isa 1.9.51	2248
Isa 1.9.63	2243
Isa 1.9.68	2319
Isa 2.0.45	2317
Isa 2.0.48	2308
Isa 2.0.61	2355
Isa 2.0.64	2425
Isa 2.0.83	2432
Isa 2.1	2434
Isa 3.7	2958
Isa 3.8	3008
Isa 3.9	3099
Isa 4.0	3168
Isa 4.4	3209
Isa 4.5	3230
IvanHoe 9.46h	3113
Izumi-chan 0.5.4	1942
Jabba 1.0	2151
Jabba 13032012	2032
Jackal 1.0.0	2964
Jackal 1.1.0	2977
Jackal 1.2.0	3080
Jackal 2.0.0	3388
Jacksprat 1.0	2076
Jacky Chess 0.10.0	2198
Jacky Chess 0.12.0	2360
Jacky Chess 0.13.0	2448
Jacky Chess 0.13.1	2454
Jacky Chess 0.14.3	2647
Jacky Chess 0.9.14	1605
Jacky Chess 23.06	2720
Jacky Chess 23.12	2780
Jacky Chess 24.04	2835
Jacky Chess 24.06	2852
Jacky Chess 25.04	2891
Jacky Chess 25.12	2942
JaksaH 1.11	1821
JaksaH 1.14.1	1853
JaksaH 1.15	1841
Jangine 2022-12-29	2019
Jangine 2023-03-31	2138
JanWillem 1.13	2075
JARS 1.75a	1963
Javalin 1.3.1	1922
Javelin 1.0.0	2044
Javelin 2.0.0	2668
Javelin 3.0.0	2826
Jazz 444	2316
Jazz 501	2326
Jazz 721	2455
Jazz 821	2234
Jazz 840	2465
JChecs 0.1.0	1377
JChess 1.0	1570
Jellyfish 1.0	2633
Jellyfish 1.1	2670
Jester 0.84	1840
Jet 1.1	2944
Jet 1.2	3175
JikChess 0.01	2539
JikChess 0.02	2606
Joanna 2002 1.03	1518
Joanna 2002 1.06	1587
Joker 1.1.06	2326
Joker 1.1.14	2387
Joker2 0.7.7	2321
Jonesy 1.0	2452
Jonny 2.83	2616
Jonny 4.00	2806
JSBam 0.52	1900
Juggernaut 1.00	2307
Juggernaut 1.10	2485
Juggernaut 1.18	2504
Juggernaut 1.23	2533
Juggernaut 1.35	2687
Juggernaut 1.38	2697
Juggernaut 1.40	2657
Jumbo 0.1.10	2215
Jumbo 0.1.5	2179
Jumbo 0.4.0	2327
Jumbo 0.4.17	2410
Jumbo 0.4.34	2448
Jumbo 0.5.27	2412
Jumbo 0.5.3	2435
Jumbo 0.6.10	2544
Jumbo 0.6.107	2608
Jumbo 0.6.31	2519
Jumbo 0.6.35	2541
Jumbo 0.6.51	2546
Jumbo 0.6.66	2545
Jumbo 0.6.96	2560
Jumbo 0.7.0	2615
Junior 10	2801
Junior 10.1	2781
Junior 2010	2879
Junior 9	2732
K2 0.35	2096
K2 0.43f	2242
K2 0.57	2287
K2 0.67	2425
K2 0.71	2479
K2 0.75	2564
K2 0.79	2554
K2 0.83	2618
K2 0.87	2645
K2 0.91	2664
K2 0.95	2727
K2 0.99	2802
KACE 0.8.2	1235
Kace 0.82	1260
Kanguruh 1.93	1873
Karballo 1.8	2770
KasparovChess 1.0.0	1775
Keele 1.0	2720
Kelp 0.12.0	2052
KhepriChess 0.5.0	1855
KhepriChess 1.0.0	1856
KhepriChess 1.1.0	1875
KhepriChess 2.1.0	1961
KhepriChess 3.0.0	2082
KhepriChess 3.1.0	2189
KhepriChess 4.0.1	2311
KillerQueen 2.0b3	1473
Kimbo 0.2.1	2311
Kimbo 0.3.0	2532
Kimbo 1.0.0	2531
King of Kings 2.56	2512
Kingfisher 1.0	2392
Kingfisher 1.1.1	2389
King's Out 0.2.42	2180
Kitteneitor 0.12.1	1750
Kitteneitor 0.18.1	1770
Kitteneitor 0.22.1	1870
Kiwi 0.6d	2530
KMTChess 1.1	2152
KMTChess 1.2.1	2327
KnightDreamer 3.3	2474
KnightX 1.92	2392
KnightX 1.93	2410
KnightX 1.94	2434
KnightX 1.95	2462
KnightX 1.96	2460
KnightX 1.97a	2550
KnightX 1.98	2576
KnightX 1.99	2506
KnightX 2.00	2512
KnightX 2.3	2570
KnightX 2.4	2651
KnightX 2.5	2652
KnightX 2.61	2659
KnightX 2.7	2671
KnightX 2.8	2689
KnightX 2.9	2644
KnightX 2.91	2658
KnightX 3.1	2748
KnightX 3.2	2759
KnightX 3.3	2771
KnightX 3.4	2761
KnightX 3.5	2751
KnightX 3.6a	2763
KnightX 3.7b	2774
KnightX 3.8	2786
KnightX 3.9	2779
KnightX 4.0	2785
KnightX 4.1	2811
KnightX 4.11	2850
KnightX 4.2	2843
KnightX 4.3	2915
KnightX 4.4	2880
KnightX 4.5	2928
KnightX 4.6	2893
KnightX 4.6b	2955
KnightX 4.7	2904
KnightX 4.8	2915
KnockOut 0.7.1	2238
Knur 20240903	2505
Kobra 0.3a	2281
Kobra 1.0a	2887
Kobra 1.2	3061
Kobra 2.0	3163
Kobra 2.1	3243
Kociolek 1.0	3162
Kociolek 2.0	3252
Kociolek 2.1	3415
Koedem 1.0	1669
Koedem 1.1.1	1799
Koedem 1.1.2	1956
Koivisto 1.0	2907
Koivisto 2.0	2931
Koivisto 3.0	3004
Koivisto 4.0	3104
Koivisto 5	3278
Koivisto 5.0	3329
Koivisto 6	3405
Koivisto 6.0	3414
Koivisto 6.16	3417
Koivisto 7	3447
Koivisto 7.0	3466
Koivisto 7.5	3458
Koivisto 8.0	3508
Koivisto 8.13	3522
Koivisto 8.9	3501
Koivisto 9	3534
Koivisto 9.0	3549
Koivisto 9.2	3548
Kojiro 0.1.3	2218
Komodo 1.0	2940
Komodo 1.2	2974
Komodo 1.3	2989
Komodo 10	3355
Komodo 10.1	3362
Komodo 10.2	3377
Komodo 10.3	3389
Komodo 10.4	3400
Komodo 11.01	3402
Komodo 11.2	3409
Komodo 11.2.2	3391
Komodo 11.3.1	3400
Komodo 12	3401
Komodo 12.1.1	3130
Komodo 12.2.2	3337
Komodo 12.3	3335
Komodo 13.01	3376
Komodo 13.02	3411
Komodo 13.1	3393
Komodo 13.2	3324
Komodo 13.2.5	3350
Komodo 13.3	3423
Komodo 14	3406
Komodo 14.1	3365
Komodo 2.01	3061
Komodo 2.03	3065
Komodo 3	3117
Komodo 4	3123
Komodo 5	3146
Komodo 5.1	3184
Komodo 6	3202
Komodo 7a	3239
Komodo 8	3282
Komodo 9	3327
Komodo 9.1	3342
Komodo 9.2	3370
Komodo 9.3	3369
Komodo 9.42	3367
Komodo CCT	3187
Komodo TCEC	3210
Kreveta 1.2.3	1965
Kreveta 2.0.0	2138
Kreveta 2.2.2	2325
Kreveta 2.2.4	2363
Ktulu 4.2	2612
Ktulu 7.1	2699
Ktulu 7.5	2719
Ktulu 8	2754
Ktulu 9	2817
Kuma 1.2	3262
Kurt 0.9.2	2211
Kurt 0.9.2.2	2275
Kurt 271009	2096
La Dame Blanche 2.0c	2095
LambChop 10.99	2508
Lambergar 0.3.1	2479
Lambergar 0.3.1c	2541
Lambergar 0.4.1	2745
Lambergar 0.5.0	2899
Lambergar 0.5.2	3012
Lambergar 0.6.0	3089
Lambergar 1.0	3187
Lambergar 1.1	3296
Lambergar 1.2	3329
Lambergar 1.3	3387
LaMoSca 0.10	701
Larsen VB 0.05.0001	1693
Laser 0.1	2459
Laser 0.2	2675
Laser 0.2.1	2712
Laser 1.0	2774
Laser 1.1	2828
Laser 1.2	2910
Laser 1.3	2975
Laser 1.4	3051
Laser 1.5	3109
Laser 1.6	3178
Laser 1.7	3237
Laser 1.8 beta	3285
Latista	2300
Laurifer 1.0	1918
LazySMP 5.0	2267
Lc0 0.19.1	2901
Lc0 0.20.1	3143
Lc0 0.20.2	3310
Lc0 0.21.1	3365
Lc0 0.21.3	3388
Lc0 0.22.0	3413
Lc0 0.23.1	3514
Lc0 0.23.2	3091
Lc0 0.24.0	3091
Lc0 0.25.1	3532
Lc0 0.26.2	3146
Lc0 0.26.3	3531
Lc0 0.27.0	3361
Lc0 0.28.0	3269
Lc0 0.28.2	3453
Lc0 0.29	3281
Lc0 0.29.0	3562
Lc0 0.30	3261
LcFish 210401	3593
Leandor 1.1	1653
Leandor 1.2	1963
Leandor 2.0	2070
Leela Chess 0.10	2644
Leela Chess 0.5	2085
Leela Chess 0.7	2345
Leela Chess 0.9	2369
Leelenstein 11.1	3492
Leila 0.53h	2469
Lemming 0.24	2649
Leonidas 8.3	2134
Leorik 1.0	2259
Leorik 2.0	2607
Leorik 2.0.2	2626
Leorik 2.1	2654
Leorik 2.2	2753
Leorik 2.3	2772
Leorik 2.4	2865
Leorik 2.5	2941
Leorik 3.0	3230
Leorik 3.1	3371
Leorik 3.2	3421
LF 0.3 32930/Houdini 6	3424
LiFish 1.0	3289
Lime 62	2198
Lime 66	2256
Lishex 1.0.0	2644
Lishex 1.1.1	2747
List 5.12	2654
Little Goliath 2000 3.5c	2489
Little Goliath Evolution 3.12	2570
Little Goliath Evolution 3.15	3146
Little Goliath Evolution 3.15.3	3166
Little Goliath Evolution 3.15.4	3205
Little Goliath Evolution 3.16	3277
Little Goliath Evolution 3.17	3276
Little Wing 0.3.0	1804
Little Wing 0.4.0	2139
Little Wing 0.5.0	2171
Little Wing 0.6.0	2212
Little Wing 0.7.0	2254
Little Wing 0.8.0	2612
LittleThought 0.97	2287
LittleThought 1.00	2400
LittleThought 1.03	2413
LittleThought 1.04	2478
LittleThought 1.052	2537
Lizard 10.0	3357
Lizard 10.1	3439
Lizard 10.2	3516
Lizard 10.3	3534
Lizard 10.4	3566
Lizard 10.5	3585
Lizard 11.0	3575
Lizard 11.1	3590
Lizard 11.2	3607
Lodocase 240208	1900
Loki 1.0.2	1901
Loki 1.2.0	1958
Loki 2.0.0	2156
Loki 3.0.0	2535
Loki 3.5.0	2554
Loop 10.32f	2834
Loop 12.32	2835
Loop 13.5	2827
Loop 13.6	2831
Loop M1-T	2831
LoopList 6.00	2725
Lozza 1.13	2328
Lozza 1.14a	2330
Lozza 1.15	2420
Lozza 1.16	2454
Lozza 1.17a	2499
Lozza 1.18	2528
Lozza 10	3258
Lozza 2.0	2655
Lozza 2.1	2696
Lozza 2.2	2703
Lozza 2.3	2708
Lozza 2.4	2729
Lozza 2.5	2753
Lozza 3	2879
Lozza 3.0	2930
Lozza 4	2929
Lozza 4.0	2986
Lozza 5	3063
Lozza 5.0	3068
Lozza 5.1	3082
Lozza 7	3123
Lozza 7.0	3112
Lozza 8	3175
Lozza 9	3164
Lumac0 12.15	1748
Lumac0 14.0	1855
Luna 0.4.0	2244
Luna 1.1.0	2464
Luna 2.0.0	2639
Lunar 0.2.1	3204
Lunar 0.3.0	3345
Lunar 0.4.0	3453
Lunarr 2.0.1	2081
Lux 2.3	2202
Lux 3.4	2475
Lux 4.0	2631
Lux 4.1	2666
Lux 4.2	2792
Luzhin 0.1	1212
Lxna 0.3.0	2059
Lynx 0.10.0	1701
Lynx 0.11.0	1750
Lynx 0.13.0	1875
Lynx 0.14.0	1908
Lynx 0.16.0	2157
Lynx 0.19.0	2481
Lynx 0.4.0	1546
Lynx 0.6.0	1581
Lynx 0.9.0	1721
Lynx 1.0.1	2533
Lynx 1.1.0	2554
Lynx 1.10.0	3250
Lynx 1.11.0	3324
Lynx 1.2.0	2661
Lynx 1.3.0	2735
Lynx 1.4.0	2810
Lynx 1.5.0	2879
Lynx 1.5.1	2891
Lynx 1.6.0	2966
Lynx 1.7.0	3100
Lynx 1.8.0	3125
Lynx 1.9.0	3178
M24GC 1.1	2190
mACE 0.2.2.616	1692
Macromix 2.01	1924
MadChess 1.0	1987
MadChess 1.2	2176
MadChess 1.3	2298
MadChess 1.4	2324
MadChess 2.0	2404
MadChess 2.1	2496
MadChess 2.2	2531
MadChess 3.0	2675
MadChess 3.1	2756
MadChess 3.2	2818
MadChess 3.3	2858
Madeleine 0.2	2296
Maelstrom 2.0.0	2275
Maelstrom 3.2.0	3194
Maelstrom 3.3.0	3276
Magnum 4.0	2579
Magog 1.0	1776
Malika 0.418	3224
Malika 0.897	3163
Mango Paola Ajedrez 1.0	2307
Mango Paola Ajedrez 4.1	2327
Mantissa 2.1.1	2740
Mantissa 3.0.0	3040
Mantissa 3.3.0	3131
Mantissa 3.7.2	3273
Marginal 0.1	1690
Marvin 1.3.0	2088
Marvin 2.0.0	2579
Marvin 2.1.0	2624
Marvin 2.2.0	2755
Marvin 3.0.0	2764
Marvin 3.1.0	2838
Marvin 3.2.0	2891
Marvin 3.3.2	2916
Marvin 3.4.0	2998
Marvin 3.5.0	3010
Marvin 3.6.0	3054
Marvin 4.0.0	3094
Marvin 5.0.0	3126
Marvin 5.1.0	3171
Marvin 5.2	3223
Marvin 5.2.0	3219
Marvin 6.0.0	3306
Marvin 6.1.0	3361
Marvin 6.2.0	3367
Marvin 6.3.0	3411
Matacz 1.1	2482
Matacz 1.3	2523
Matacz 1.4	2526
Matant 5.04	2153
Matheus 2.3	2172
Matilde 2008	2370
MatMoi 7.15.0-cct	2014
Maverick 0.2	2228
Maverick 0.51	2415
Maverick 0.60	2460
Maverick 1.0	2599
Maverick 1.5	2632
Maxwell 3.0.8-1	2035
Maxwell 3.1-3	2165
Mediocre 0.334	2240
Mediocre 0.34	2272
Mediocre 0.4	2328
Mediocre 0.5	2400
Megalodon 0.3.2	1145
Megalodon 1.0.0	1341
Megalodon 1.1.0	1310
Meltdown 1.10	3048
Meltdown 1.11	3092
Meltdown 1.3	2431
Meltdown 1.4	2527
Meltdown 1.5	2580
Meltdown 1.6	2630
Meltdown 1.7	2795
Meltdown 1.8	2897
Mephisto Gideon Professional	2536
Merlin 2.3.1	2284
Mess 0.1.0	2530
Mess 0.2.0	2772
Mess 0.3.0	2834
Micah 1.0	2248
MicroChess 1976	926
Micro-Max 4.8	2068
MIDA 1.0	2297
MIDA 1.1	2395
MIDA 1.2.1	2412
MIDA 2.1	2993
MIDA 2.2	3102
MIDA 2.3	3107
MIDA 2.3.1	3136
Midnight 5	2809
Midnight 6	3020
Midnight 7	3079
Midnight 8	3329
Midnight 9	3411
Milady 3.04	1939
Milady 3.25	1969
Mini Rodent 1.0	2795
Minic 0.28	2448
Minic 0.34	2567
Minic 0.40	2676
Minic 0.43	2644
Minic 0.47	2790
Minic 0.65	2765
Minic 0.82	2828
Minic 0.92	2849
Minic 0.98	2911
Minic 1.09	2878
Minic 1.14	2950
Minic 1.35	3000
Minic 1.39	2923
Minic 1.44	3028
Minic 1.51	3024
Minic 2.0	3051
Minic 2.07	3046
Minic 2.33	3080
Minic 2.43	3116
Minic 2.46	3095
Minic 2.51 nasc nutr	3256
Minic 2.53	3105
Minic 3.02	3143
Minic 3.03	3095
Minic 3.04	3169
Minic 3.06	3206
Minic 3.06 noct nadir	3148
Minic 3.07	3175
Minic 3.08	3199
Minic 3.09	3201
Minic 3.13	3242
Minic 3.14	3203
Minic 3.16	3278
Minic 3.17	3283
Minic 3.18	3359
Minic 3.19	3398
Minic 3.22	3412
Minic 3.24	3412
Minic 3.26	3460
Minic 3.30	3452
Minic 3.31	3465
Minic 3.32	3456
Minic 3.39	3479
Minic 3.40	3527
Minic 3.41	3480
MiniChessAI 1.19	1555
MiniChessAI 1.20	1566
MinimalChess 0.2	1330
MinimalChess 0.3	1720
MinimalChess 0.4.1	2015
MinimalChess 0.5	2366
MinimalChess 0.6	2536
MiniMardi 1.3	1595
Minke 2.0.0	3309
Minke 3.0.0	3378
Minke 4.0.0	3433
Minke 5.0.0	3478
MinkoChess 0.8	2738
MinkoChess 0.9	2818
MinkoChess 1.0	2825
MinkoChess 1.1	2807
MinkoChess 1.2	2864
MinkoChess 1.3	2903
Minnow	1595
Mint 2.3	1911
Mizar 3.0	1831
MOBMAT 0.903d	1935
Molybdenum 2.0	3178
Molybdenum 2.1	3164
Molybdenum 3.0	3226
Molybdenum 3.1	3352
Molybdenum 4.0	3356
Molybdenum 4.1	3375
Monarch 1.5	2077
Monarch 1.7	2171
Monchester 0.99	1108
Monchester 1.0	1125
Monik 2.2.2	2045
Monik 2.2.3	2076
Monik 2.2.6	2051
Monochrome	1819
Monolith 0.2	2348
Monolith 0.3	2490
Monolith 0.4	2668
Monolith 1.0	2863
Monolith 2	3054
Monolith 2.01	3057
monty 0.1.0	2976
monty 1.0.0	3008
MORA 1.0.0	2293
MORA 1.1.0	2306
Morphy 3.22	2035
MorphyChess 1.0.5	1969
Motor 0.1.0	2874
Motor 0.2.0	3126
Motor 0.4.0	3459
Motor 0.5.0	3489
Motor 0.6.0	3545
Motor 0.7.0	3577
Motor 0.8.0	3591
Motor 0.9.0	3608
Movei 00.8.295	2554
Movei 00.8.358	2533
Movei 00.8.373	2549
Movei 00.8.378	2578
Movei 00.8.383	2598
Movei 00.8.383x	2569
Movei 00.8.397	2604
Movei 00.8.402	2567
Movei 00.8.403	2601
Movei 00.8.418	2613
Movei 00.8.421	2631
Movei 00.8.423	2654
Movei 00.8.438	2682
Mr Bob 0.7.0	2600
Mr Bob 0.7.1	2613
Mr Bob 0.8.0	2723
Mr Bob 0.9.0	2897
Mr Bob 1.0.0	3007
Mr Bob 1.1.0	3112
Mr Bob 1.2.0	3220
Mr Bob 1.3.0	3322
MrChess 2.1	2034
MSCP 1.44	1779
MSCP 1.6h	1724
Mufasa 0.2.1	1468
Murka 2	2544
Murka 3	2911
Muse 0.899b	2461
Muse 0.953	2644
Mustang 4.97	2100
Myrddin 0.82	2034
Myrddin 0.83	2107
Myrddin 0.83k	2195
Myrddin 0.84	2207
Myrddin 0.85	2325
Myrddin 0.86	2447
Myrddin 0.87	2473
Myrddin 0.88	2611
Myrddin 0.89	2640
Myrddin 0.90	2682
Myrddin 0.91	2998
Myrddin 0.92	3085
Myrddin 0.93	3095
Myrddin 0.94	3171
N2 0.1	2558
N2 0.4	2651
NagaSkaki 4.00	2241
NagaSkaki 5.12	2271
Nalwald 1.11	2836
Nalwald 1.8	2525
Nalwald 1.8.1	2590
Nalwald 1.9	2691
Nalwald 14.0	2883
Nalwald 15	2939
Nalwald 16	3003
Nalwald 17	3168
Nalwald 17.1	3193
Nalwald 18	3250
Nalwald 19	3302
Nanook 0.17	1581
nanoSzachy 2.8	2369
nanoSzachy 2.9	2376
nanoSzachy 3.0	2375
nanoSzachy 3.1	2387
nanoSzachy 3.4	2473
nanoSzachy 3.5	2497
nanoSzachy 3.8	2519
nanoSzachy 3.9	2561
nanoSzachy 4.0	2606
nanoSzachy 4.1	2617
Napoleon 1.4.0	2204
Napoleon 1.5.0	2204
Napoleon 1.6.0b	2294
Napoleon 1.7	2225
Napoleon 1.8	2374
Napoleon 12032025	2363
NapoleonPP 08092013	1753
Naraku 1.31	2713
Naraku 1.4	2838
Natwarlal 0.12	2359
Natwarlal 0.14	2358
Naum 1.91	2666
Naum 2.0	2749
Naum 2.1	2813
Naum 2.2	2854
Naum 3	2926
Naum 3.1	2930
Naum 4	3009
Naum 4.1	3014
Naum 4.2	3032
Naum 4.6	3054
Nawito 1.1d	2647
Nawito 1812	2653
Nawito 1906	2667
Nawito 2012	2666
Nawito 2103	2738
Nawito 22.05	2686
Nawito 22.07	2821
Nebiyu 1.2	2392
Nebiyu 1.4	2326
Nebula 1.0	2523
Nebula 2.0	2708
Nectar 0.1.4	1942
Nectar 0.1.8	2071
Needle 0.531	1736
NEG 0.3d	869
Nejmet 3.07	2504
Nemeton 1.0	2371
Nemeton 1.1	2375
Nemeton 1.2	2396
Nemeton 1.3	2408
Nemeton 1.41	2432
Nemeton 1.51	2508
Nemeton 1.6	2471
Nemeton 1.61	2483
Nemeton 1.7	2491
Nemeton 1.8	2524
Nemeton 1.81	2521
Nemo 1.0.1	2896
Nemorino 1.0	2936
Nemorino 1.02	2940
Nemorino 2.00	2988
Nemorino 3.0	3044
Nemorino 4.00	3077
Nemorino 5.00	3119
Nemorino 6.00	3403
Nemorino 6.05	3373
Neocortex 1.0	1525
Nero 6.1	1602
Nesik 0.7.0 alpha	2245
Neuromancer 1.0	1665
Neuromancer 1.2	1838
Neuromancer 1.4	2040
Neuromancer 1.5	2041
Neurone XVIII	1050
Neurone XXIII	1434
Neurone XXVI	1345
Neurone XXVII	1341
Neurosis 2.3	2296
Neurosis 2.4	2264
Neurosis 2.5	2298
NG-Play 8.3	1913
NG-Play 8.4	1998
NG-Play 9.83	2207
NG-Play 9.84	2234
NG-Play 9.85	2270
NG-Play 9.86	2288
NG-Play 9.87	2294
NG-Play 9.87b	2267
Nimzo 8	2573
NirvanaChess 1.1	2584
NirvanaChess 1.2	2754
NirvanaChess 1.3	2811
NirvanaChess 1.4	2798
NirvanaChess 1.5	2880
NirvanaChess 1.6	2873
NirvanaChess 1.7	2884
NirvanaChess 1.8	2875
NirvanaChess 2.0a	3014
NirvanaChess 2.1c	3060
NirvanaChess 2.2	3105
NirvanaChess 2.3	3113
NirvanaChess 2.4	3137
NirvanaChess 2.5	3149
NoC 19.12	2278
NoC 4.20	2551
NoonianChess 3.2.06P2	1943
NoraGrace 1.0	2386
NoraGrace 2.0	2678
NSVChess v0.14	1201
Nu-chess 1.0	2980
Nu-chess 2021.10.15	2946
NuclearChess 1.0	1929
Numpty 0.7pr	1490
Numpty DD	1565
Numpty Omega	1538
Numpty Recharged	1625
OBender 03.2016	2313
OBender 2.11.5	2191
OBender 3.10.1	2169
OBender 3.2.4.2	2277
OBender 3.2.x	2318
Oberon 0.04	2120
Obsidian 1.0	3012
Obsidian 10.0	3593
Obsidian 11.0	3593
Obsidian 112023	3521
Obsidian 12.0	3609
Obsidian 12.29	3620
Obsidian 13.0	3626
Obsidian 14.0	3638
Obsidian 15.0	3639
Obsidian 16.0	3649
Obsidian 2.0	3041
Obsidian 4.0	3207
Obsidian 5.0	3217
Obsidian 7.0	3516
Obsidian 8.0	3539
Obsidian 9.0	3567
Octochess	2824
Odonata 0.2.2	1384
Odonata 0.3.12	1789
Odonata 0.3.17	1898
Odonata 0.3.26	2029
Odonata 0.4.0	2433
Odonata 0.5.1	2583
Odonata 0.6.2	2813
Odonata 0.7.0	2831
Odonata 0.8.0	2846
Odonata 0.9.0	3155
Odonata 1.0	3263
Odonata 1.0.0	3278
Odonata 1.1.0	3298
OliThink 5.1.9	2248
OliThink 5.10.1	2907
OliThink 5.10.5	2920
OliThink 5.11.0	2882
OliThink 5.11.1	2864
OliThink 5.11.9	2924
OliThink 5.3.0	2481
OliThink 5.3.2	2470
OliThink 5.3.5b	2504
OliThink 5.4.0	2509
OliThink 5.5.2	2546
OliThink 5.6.0	2568
OliThink 5.6.9	2588
OliThink 5.9.2	2868
OliThink 5.9.3	2883
OliThink 5.9.6	2878
OliThink 5.9.7	2903
Onno 0.12.0	2890
Onno 1.0	2865
Onno 1.1.1	2872
Onno 1.2.70	2886
Orion 0.1	2270
Orion 0.2	2333
Orion 0.3.0	2436
Orion 0.4	2505
Orion 0.5	2589
Orion 0.6	2686
Orion 0.7	2803
Orion 0.8	3136
Orion 0.9	3140
Orion 1.0	3087
Orion 1.1	3150
Overhead	1559
Oxidation 0.6.0	2114
Oxidation 0.7.1	2494
Oxidation 0.7.2	2496
Oxide 1.0.0	2392
Oxide 1.4.0	3292
Oxide 2.0.0	3428
Ozwald 0.43	1567
Paladin 0.1	2370
PanChess 00.537	3158
Panda 1.0	3143
Panda 1.1	3221
Parrot 07.01.16	2224
Parrot 07.07.22	2210
Patricia 1.0	3045
Patricia 2.0	3078
Patricia 3.0	3270
Patricia 4.0	3421
Patricia 5.0	3472
Patzer 3.80	2462
paulchen332 0.1.1	2622
Pawn 1.0	3267
pawn 1.0	3265
pawn 2.0	3391
pawn 3.0	3457
pawn 4.0	3480
pawnocchio 1.1	2559
pawnocchio 1.2	3129
pawnocchio 1.3	3202
pawnocchio 1.3.1415	3350
pawnocchio 1.4.1	3422
pawnocchio 1.5	3440
pawnocchio 1.6	3511
pawnocchio 1.6.1	3533
pawnocchio 1.7.2	3551
pawnocchio 1.8	3602
pawnocchio 1.8.1	3594
pawnocchio 1.9.1	3625
pawnocchio 1.9.2	3617
Pawny 0.1.6	2371
Pawny 0.1.9	2459
Pawny 0.13	2270
Pawny 0.2	2471
Pawny 0.2.1	2490
Pawny 0.2.2	2479
Pawny 0.3	2536
Pawny 0.3.1	2546
Pawny 1.0	2709
Pawny 1.1	2736
Pawny 1.2	2820
Peacekeeper 1.10	2479
Peacekeeper 1.20	2573
Peacekeeper 1.30	2678
Peacekeeper 1.40	2759
Peacekeeper 1.50	2833
Peacekeeper 1.60	3040
Peacekeeper 1.70	3071
Peacekeeper 1.71	3077
Peacekeeper 2.00	3286
Peacekeeper 2.10	3340
Peacekeeper 2.20	3405
Peacekeeper 2.30	3436
Peacekeeper 2.40	3469
Peacekeeper 3.01	3539
Pedantic 0.1	2405
Pedantic 0.2.1	2514
Pedantic 0.3	2785
Pedantic 0.3.1	2819
Pedantic 0.4.1	2908
Pedantic 0.5.0	2983
Pedantic 0.6.0	3072
Pedantic 0.6.2	3093
Pedantic 1.0.0	3155
Pedantic 1.1.0	3178
Pedantic 2.0.0	3272
Pedantic 2.1.0	3357
Pedone 0.3	2382
Pedone 0.4	2519
Pedone 0.5	2650
Pedone 1.0	2793
Pedone 1.1	2820
Pedone 1.2	2904
Pedone 1.3	2903
Pedone 1.4.1	3000
Pedone 1.5	3022
Pedone 1.6	3037
Pedone 1.7	3067
Pedone 1.8	3105
Pedone 1.9	3120
Pedone 2.0	3163
Pedone 2.1	3178
Pedone 3	3299
Pedone 3.0	3292
Pedone 3.1	3384
Pentagon 1.2	1638
Pepito 1.59	2561
Pepito 1.59.2	2579
Peripheral 1.0.0	2131
Peripheral 1.1.3	2212
Perseus 0.9-alpha	3119
Perseus 1.0	3304
Perseus 1.1	3354
PeSTO 2.210	3012
Petir 3.95	2577
Petir 3.99d	2599
Petir 4.39	2627
Petir 4.999999	2623
Petrel 1.0	2182
Petrel 2.1	2688
Petrel 2.2	2751
Petrel 3.1	3231
Petrel 3.2	3275
Petrel 3.3.1	3305
Petrel 3.4	3330
Phalanx XXII	2461
Phalanx XXII Reborn	2443
Phalanx XXIII	2490
Phalanx XXIII beta	2454
Phalanx XXIV	2631
Phalanx XXV	2707
Phalp 22032400	1611
Pharaon 3.2	2608
Pharaon 3.3	2613
Pharaon 3.5.1	2662
Philemon C	1769
Philou 2.7.0	2430
Philou 2.8.0	2440
Philou 3.0.0	2524
Philou 3.1.4.1	2556
Philou 3.14.1	2529
Philou 3.5	2599
Philou 3.5.1	2627
Philou 3.60	2639
Philou 3.7	2669
Philou 3.7.1	2685
Pierre 1.7	1475
Pigeon 1.37	1700
Pigeon 1.5.0	1907
Pigeon 1.5.1	1939
Piglet 1.3.5	1669
pikoSzachy 3.3	2447
pikoSzachy 3.4	2471
pikoSzachy 4.0	2530
pikoSzachy 4.1	2546
pikoSzachy Extreme	2386
pikoSzachy Extreme 2	2429
Pingu 1.0.0	2321
Pingu 2.0.0	2646
Pingu 3.0.0	2865
Pingu 4.0.0	3011
Pingu 5.0.0	3188
Piranha 0.5	1659
Pirarucu 1.4	1979
Pirarucu 1.72	2206
Pirarucu 1.9.2	2331
Pirarucu 2.0.0	2425
Pirarucu 2.0.2	2445
Pirarucu 2.1.1	2603
Pirarucu 2.2.2	2739
Pirarucu 2.3.8	2901
Pirarucu 2.6.1	2957
Pirarucu 2.7.4	2999
Pirarucu 2.9.5	3019
Pirarucu 3.0.7	3046
Pirarucu 3.2.4	3057
Pirarucu 3.3.5	3057
Pleco 0.1.1	1805
Pleco 0.1.3	2076
PlentyChess 0.1.0	3240
PlentyChess 0.2.1	3449
PlentyChess 0.3.0	3528
PlentyChess 1.0.0	3591
PlentyChess 2.0.0	3601
PlentyChess 2.1.0	3613
PlentyChess 3.0.1	3612
PlentyChess 4.0.0	3633
PlentyChess 4.0.1	3628
PlentyChess 5.0.0	3635
PlentyChess 6.0.0	3636
PlentyChess 6.0.2	3651
PlentyChess 7.0.0	3650
Plisco 1.0.1	1778
Plisk 0.2.5n	2424
Plisk 0.2.6	2415
Plisk 0.2.7d	2436
PLP 1661571	2150
Pluto 1.0.0	2936
Pluto 1.0.1	2991
Plywood 1.7.3	2096
PolarChess 1.3	1809
Polaris 1.2.0	2388
Polaris 1.3.0	2533
Polaris 1.4.1	2700
Polaris 1.5.0	2755
Polaris 1.6.1	2889
Polaris 1.7.0	2972
Polaris 1.8.1	3039
Pooky 2.7	1761
Popochin 2.7	2326
Popochin 2.9	2386
Popochin 3.0	2344
Popochin 3.1	2361
Popochin 3.2	2373
Popochin 4.0	2393
Popochin 4.1	2459
Popochin 4.3	2463
POS 1.20	767
PostModernist 1016	2476
Potential 1.0.0	2705
Potential 2.0.0	2936
Potential 3.0.0	3076
Pounce 1.2.4	2558
Pounce 2.0.1	2898
Pounce 2.1.3	3111
Pounce 3.0.0	3187
PowerFritz 18	3414
Predateur 2.0	1938
Predateur 2.1	1945
Predateur 2.2	1958
Predateur 2.2.1	1940
Prelude 1.0	2788
Prelude 2.1	3411
Prelude Fusion 2.0	3171
Presbyter 1.3.0	2034
Priessnitz 1.0	3072
Priessnitz 2.0	3140
Priessnitz 2.0.1	3147
Princhess 0.10.0	2525
Princhess 0.11.0	2614
Princhess 0.12.0	2804
Princhess 0.13.0	2882
Princhess 0.14.1	2963
Princhess 0.15.1	3057
Princhess 0.16.0	3111
Princhess 0.17.0	3148
Princhess 0.18.0	3202
Princhess 0.19.0	3241
Princhess 0.20.0	3227
Princhess 0.21.0	3263
Princhess 0.3.1	1949
Princhess 0.4.0	1892
Princhess 0.5.1	2012
Princhess 0.6.0	2005
Princhess 0.7.0	2165
Princhess 0.9.0	2419
ProChess 1.02AD	2191
ProChess 101CN	2153
ProDeo 1.1	2645
ProDeo 1.1 Silver	2629
ProDeo 1.2	2664
ProDeo 1.6	2669
ProDeo 1.7	2686
ProDeo 1.71	2672
ProDeo 1.74	2670
ProDeo 1.81	2756
ProDeo 1.82	2730
ProDeo 1.83c	2709
ProDeo 1.85	2759
ProDeo 1.86	2748
ProDeo 1.87	2761
ProDeo 1.87x	2649
ProDeo 2.0	2751
ProDeo 2.2	2784
ProDeo 2.8	2764
ProDeo 3.0	2828
ProDeo 3.1	2846
Project Invincible 2.04	1398
Project Invincible 2.10	1497
Prophet 2.0	2242
Prophet 4.0	2351
Prophet 4.1	2447
Prophet 4.2	2516
Prophet 4.3	2560
Prophet 4.4	2580
Prophet 5.0	2720
Prophet 5.1	2732
Prophet3 20170909	2233
Prophet3 20180811	2231
Prophet3 20181124	2247
Protector 1.3.1b	2874
Protector 1.3.2	2867
Protector 1.3.3	2907
Protector 1.3.4	2892
Protector 1.3.5	2899
Protector 1.3.6	2918
Protector 1.4.0	2934
Protector 1.5.0	3018
Protector 1.6.0	3048
Protector 1.7.0	3052
Protector 1.8.0	3089
Protector 1.9.0	3091
Protej	3315
Protej 0.5.7	2116
Protej 0.5.8c	2307
Protej 0.5.9	2415
Protej 0.6.0	2608
Protej 0.6.1	2749
Protej 0.6.2	2902
Protej 0.6.3	2888
Protej 0.6.4	2945
Protej 0.6.5	3068
Protej 0.6.6	3126
Protej 0.6.7	3194
Protej 0.6.8	3270
Prune 1.0.1	2744
Prune 2.1.0	2922
Prune 2.1.2	2974
Prune 2.2.0	3117
Prune 3.0.0	3152
Prune 3.1.0	3319
Prune 3.2.1	3485
Pseudo 0.7c	2637
Pseudo 1.1	3551
Publius 1.0	3290
Publius 1.1	3296
Puffin 1.0.0	2631
Puffin 2.0.0	2730
Puffin 3.0	2830
Puffin 4.0	2920
Puffin 5.0	3002
Pulsar 2009-9b	1905
Pulse 1.2.0	1401
Pulse 1.4.0	1843
Pulse 1.6.1	1770
Pulse 1.7.1	1784
Pulse 1.7.2	1775
Pupsi 0.19	2428
Pupsi2 0.06	2478
Pupsi2 0.07	2492
Pupsi2 0.08	2565
Pupsi2 0.09	2597
Purple Haze 2.0	1650
Purple Haze 2.1.0	2007
Purple Panda 10	1567
Purple Panda 12	1677
Purple Panda 14	1730
Purple Panda 16	1844
Purple Panda 17	1888
Purple Panda 18	1929
Purple Panda 19	2010
Purple Panda 20	2114
Pwned 1.2	1639
Pwned 1.3	1727
Pyotr 0.6 AM	1190
PZChessBot 1.0	2784
PZChessBot 2.0	2989
PZChessBot 3.0	3270
PZChessBot 4.0	3377
PZChessBot 5.0	3407
PZChessBot 6.0	3510
PZChessBot 6.1	3541
Qapla 0.0.52	2532
Qapla 0.1.1	2533
Qapla 0.2.057	2825
Qapla 0.3.2	2922
Quanticade Aurora 0.8	3404
Quanticade Chimera 1.2	3536
Quanticade Cronus 3.0	3624
Quanticade Electra 0.9	3490
Quanticade Fenrir 1.0	3576
Quanticade Orion 2.0	3589
Quark 2.35	2507
Quazar 0.2	2279
Quazar 0.3b	2648
Quazar 0.4	2937
Queen 3.09	2498
Queen 4.03	2430
Queen 4.05	2525
Quirky 1.0	2973
Quirky 2.0	3301
Quirky 2.1	3362
Quokka 2.0	1587
Quokka 2.1	1604
QuTeChess 1.0.1t r3	1445
Radiance 2.3	1316
Radiance 3.1.1	1505
Radiance 3.4	1629
Radiance 3.5	1636
Radiance 4.1	1920
Radiance 4.2	2021
Radiance 4.3	2243
Raffaela 0.1.4	1429
Rainman 0.7.5	1750
Ram 2.0	817
RamJet 0.10	2004
RamJet 0.11	2129
RamJet 0.12	2175
RamJet 0.13	2319
RamJet 0.14	2242
Ranita 2.4	1961
Raphael 1.7	2063
Raphael 1.7.6.2	2157
Raphael 2.0.0.0	2526
Raphael 2.1.0	2756
Raphael 2.2	2981
Raphael 2.3	3068
Raphael 3.0	3223
Raphael 3.0.0	3216
Raphael 3.1	3440
Raphael 3.2	3509
Rasch	1626
RataAeroespacial 0.2.1	1939
Ratsu 0.9.0	1979
RattateChess	2286
RattateChess 1.0	2324
Raven 0.30	1646
Raven 0.40	1980
Raven 0.50	2205
Raven 0.60	2270
Raven 0.70	2370
Raven 0.80	2469
Raven 0.90	2521
Raven 1.0	2569
Raven 1.10	2594
Raven 1.20	2630
Raven 1.30	2652
Razer 0.0	2640
RDChess 3.23	2172
Rebel	3547
Rebel 12	2628
Rebel 14	3145
Rebel 14.1	3243
Rebel 14.1.02-TAL	2862
Rebel 14.2	3279
Rebel 15	3343
Rebel 15.1	3437
Rebel 15.1a	3433
Rebel 15x2	3379
Rebel 16	3494
Rebel 16.1	3517
Rebel 16.2	3521
Rebel 16.3	3561
Rebel 16a	3486
Rebel Century	2606
Rebel Extreme 1.1	3369
ReBorn Mainsworthy 1.30	957
Reckless 0.1.0	2185
Reckless 0.2.0	2477
Reckless 0.3.0	2690
Reckless 0.4.0	2958
Reckless 0.5.0	3206
Reckless 0.6.0	3327
Reckless 0.7.0	3430
Reckless 0.8.0	3650
Reckless 0.9.0	3664
RedQueen 0.6	2259
RedQueen 0.7	2460
RedQueen 0.7.5	2494
RedQueen 0.9.5	2635
RedQueen 0.9.8	2639
RedQueen 1.0.0	2720
RedQueen 1.1.1	2665
RedQueen 1.1.3	2724
RedQueen 1.1.4	2749
RedQueen 1.1.97	2710
RedQueen 1.1.98	2722
Reger 0.09	2031
Renegade 0.10.0	2550
Renegade 0.11.0	2766
Renegade 0.12.0	2956
Renegade 0.7.0	1897
Renegade 0.9.0	2311
Renegade 1.0.0	3403
Renegade 1.1.0	3482
Renegade 1.2.0	3565
Rengar 1.0.2	2532
Rengar 1.1.0	2537
Rengar 1.3.0	2727
Rengar 2.0.0	2879
Rengar 2.1.1	2993
Requiem 0.53	2136
RESP 0.19	2449
Resp 0.19	2396
Revati 0.4c	1770
Revenge 1.0	3403
Revenge 2.0	3473
Revenge 3.0	3530
Revenge 4.0	3566
Revolver 1.0	2770
Reyna 1.0	2740
Rhetoric 0.10.d	2186
Rhetoric 1.0	2504
Rhetoric 1.1	2611
Rhetoric 1.2	2751
Rhetoric 1.4	2766
Rhetoric 1.4.1	2824
Rhetoric 1.4.3	2847
Rhetoric Lite	2347
Rice 4.1.5	2692
Rice 5.0.0	3193
Rice 6.0	3295
Rice 7.0.0	3419
Rice 8.0.0	3457
Rival 1.0.1	2355
Rival 1.18	2078
RobboLito 0.21Q	3117
Robin 0.983	1899
Robocide	2035
Robocide 0.4	2344
Robocide 20160510	2013
Robocide 20170718	2335
ROBOKewlper 0.047a	1285
Roc 0.3	3221
Roc 0.7	3160
Roc 0.8	3144
Roc 1.0	3163
Roc 1.1	3160
Roc 1.10	3173
Roc 1.3	3159
Roc 1.5	3142
Roc 1.6	3185
Roc 1.7	3157
Roc 1.8	3186
Roc 1.9.1	3150
Roc 2.0.3	3117
Roc 2.0.4	3086
Roc 2.0.5	3089
Roce 0.0360	1793
Roce 0.0390	1981
Rocinante 1.01	1722
Rocinante 2.0	1851
Rodent 0.10	2607
Rodent 0.11	2670
Rodent 0.12	2670
Rodent 0.13	2687
Rodent 0.14	2665
Rodent 0.15	2635
Rodent 0.16	2670
Rodent 1.0	2744
Rodent 1.1	2708
Rodent 1.2	2752
Rodent 1.3	2803
Rodent 1.4	2811
Rodent 1.5	2838
Rodent 1.6	2854
Rodent 1.7	2879
Rodent II 0.8.7	2860
Rodent II 0.9.33	2908
Rodent II 0.9.64	2943
Rodent III 0.172	2936
Rodent III 0.210	2964
Rodent III 0.232	2961
Rodent III 0.238	3032
Rodent III 0.273	3019
Rodent III 0.275	3030
Rodent III 0.276	3036
Rodent III 0.281	3045
Rodent III 0.287	3018
Rodent IV 0.30	3039
Rodent IV 022	2998
Rodent NN 1.1	3174
Rodin 2.1h	2361
Rodin 2.3a	2412
Rodin 3.0	2463
Rodin 4.0	2586
Rodin 5.1	2607
Rodin 6.0	2625
Rodin 7.0	2667
Rodin 8.0	2704
RofChade 1.0	2887
rofChade 1.0	2831
rofChade 2.0	3144
rofChade 2.1	3197
rofChade 2.2	3209
rofChade 2.202	3246
rofChade 2.3	3264
rofChade 2.321	3450
rofChade 3.0	3468
rofChade 3.1	3551
RomiChess P3k	2485
RomiChess P3kLD	2440
RomiChess P3L	2486
RomiChess P3m	2459
RomiChess P3n	2490
Ronja 0.6.0	1312
Ronja 0.8.0	1424
Ronja 0.8.1	1449
Ronja 0.8.2	1475
Ronja 0.9.0	1484
Ronja 0.9.1	1503
RookieMonster 1.9.9	2697
Roque 1.1	1608
Roque 2.1	1868
Rotor 0.1a	2330
Rotor 0.2	2360
Rotor 0.3	2447
Rotor 0.4	2552
Rotor 0.5	2612
Rotor 0.6	2639
Rotor 0.7a	2689
Rotor 0.8	2673
RubiChess 0.5	2055
RubiChess 0.6	2271
RubiChess 0.7	2398
RubiChess 0.8	2530
RubiChess 0.9	2592
RubiChess 1.0	2695
RubiChess 1.1	2832
RubiChess 1.2.1	2962
RubiChess 1.3	3037
RubiChess 1.4	3073
RubiChess 1.5	3133
RubiChess 1.6	3181
RubiChess 1.6.1	3220
RubiChess 1.6.1.1	3178
RubiChess 1.7.1	3214
RubiChess 1.7.3	3196
RubiChess 1.8	3206
RubiChess 1.9	3306
RubiChess 1.9dev	3295
RubiChess 2.0	3323
RubiChess 2.1	3389
RubiChess 2.2	3410
RubiChess 2021	3436
RubiChess 20220223	3469
RubiChess 20220813	3489
RubiChess 20221120	3533
RubiChess 20230410	3541
RubiChess 20230918	3576
RubiChess 20240112	3593
RubiChess 20240817	3602
RubiChess 220223	3461
RubiChess 220813	3497
RubiChess 221120	3522
RubiChess 230410	3540
Rudim 1.3	1714
Ruffian 1.0.5	2648
Ruffian 2.1.0	2677
RukChess 3.0	3215
RukChess 3.0.12	3227
RukChess 3.0.15	3223
RukChess 3.0.17	3218
RukChess 3.0.18	3230
RukChess 3.0.19	3269
RukChess 4.0.0	3249
RukChess 4.0.1	3240
RukChess 4.0.2	3251
RukChess 4.1.0	3292
RukChess 4.2.0	3335
RumbleMinze 1.0.30	1824
RumbleMinze 1.0.33	1852
Rustic Alpha 1	1817
Rustic Alpha 2	1952
Rustic Alpha 3.0.0	2010
Rusty Rival 1.0.23	2369
Rusty-Rival 1.0.29	2458
RustyRook 1.1.2	1687
RuthIron 18.9.9	2419
RuthIron 21.9.6.7	3048
RuyDos 1.0.2	2720
RuyDos 1.0.22	2776
RuyDos 1.0.27	2804
RuyDos 1.1.0	2827
RuyDos 1.1.10	2852
RuyDos 1.1.11	2847
RuyDos 1.1.6	2830
RuyDos 1.1.9	2837
Rybka 1.0	2877
Rybka 1.1	2937
Rybka 1.2	2940
Rybka 2.1	2940
Rybka 2.2	2964
Rybka 2.3	2959
Rybka 2.3.1	2965
Rybka 2.3.2a	3007
Rybka 3	3104
Rybka 4	3132
Rybka 4.1	3130
Sabrina 3.0.22	1324
Sabrina 3.0.25	1585
Sabrina 3.1.26	1570
Sabrina 3.1.27	1559
Safrad 2.1.35.210	1252
Safrad 2.2.40.360	1272
Sage 2.2a	2355
Sage 3.53	2419
SamChess	2055
Sapeli 1.0	1913
Sapeli 1.02	634
Sapeli 1.64	2067
Sapeli 1.78	2060
Sapeli 1.79	2100
Sapeli 1.90	2070
Sapeli 1.92	2109
Sapeli 2.0	2061
Sapling 1.2.2	3392
Sapling 1.2.7	3394
Sargon 1978 1.00	1478
Sargon 1978 1.01b	1522
Saruman 2015.04.22	1745
Saruman 2017.08.10	1695
Satana 2.4.19	1577
Saturn 1.0	2765
Saturn 1.1	3102
Saturn 1.2	3285
Saturn 1.3	3387
Sayuri 2014.06.16	1776
Sayuri 2015.09.15	1858
Sayuri 2016.09.12	1945
Sayuri 2016.12.30	1858
Sayuri 2017.03.05	1964
Sayuri 2017.08.19	1945
Sayuri 2017.12.07	1869
Sayuri 2017.16.12	1889
Sayuri 2018.03.06	1955
Sayuri 2018.05.23	1945
Scam 0.4	1486
Schneckbert 1.0	3189
Schneckbert 2.0	3320
Schneckbert 3.0	3354
Schoenemann 0.2.0	2759
Schoenemann 0.3.0	3120
Schoenemann 0.4.0	3328
Schoenemann 0.5.0	3431
Schola 1.1.0	2114
Schooner 1.4.1	2411
Schooner 1.4.2	2298
Schooner 1.5	2422
Schooner 1.7.0	2539
Schooner 1.8	2599
Schooner 1.83	2642
Schooner 2.0.34	3167
Schooner 2.1	3176
Schooner 2.2	3231
Scidlet 3.61	2361
Scoria 3.8.51	1783
Scorpio 1.7	2655
Scorpio 1.8	2683
Scorpio 1.81	2705
Scorpio 1.82	2704
Scorpio 1.84	2691
Scorpio 1.9	2700
Scorpio 1.91	2702
Scorpio 2.0	2707
Scorpio 2.02b	2714
Scorpio 2.05b	2690
Scorpio 2.1	2654
Scorpio 2.2	2629
Scorpio 2.5	2738
Scorpio 2.6	2778
Scorpio 2.7	2810
Scorpio 2.7.5	2843
Scorpio 2.7.6	2848
Scorpio 2.7.7	2849
Scorpio 2.7.8	2881
Scorpio 2.7.9	2922
Scorpio 2.8	2934
Scorpio 2.8.5	2798
Scorpio 2.9	2777
Scorpio 3.0.14	3274
Scorpio 3.0.14d	3314
Scorpio 3.0.15	3279
SdBC 0.41.40	1722
SdBC 0.5.15.1	1761
Seawall 20221105	2462
Seawall 20230105	2696
Seawall 20230316	2801
Seawall 20230629	2870
Seawall 20231015	2905
Seawall 20240926	2934
Seawall 20250322	2968
SebLague Chess-AI 0.1	1670
SEE 0.6.9	1878
Seer 1.1	2881
Seer 1.2.1	3093
Seer 2.0.0	3155
Seer 2.0.1	3166
Seer 2.1.0	3237
Seer 2.3.0	3345
Seer 2.4.0	3389
Seer 2.5.0	3449
Seer 2.6.0	3500
Seer 2.7.0	3529
Seer 2.8.0	3564
Senpai 1.0	3012
Senpai 2.0	3094
Senpai 3.0.1	3209
Senpai 3.0.2	3221
Sentinel 1.02	2516
Sentinel 2.0	2994
Seredina 1.2c	3194
Serendipity 0.1	3223
Serendipity 0.2	3349
Serendipity 0.3.1	3404
Serendipity 0.4.1	3450
Serendipity 1.0	3489
Shallow	2495
Shallow 1.0	2300
Shallow 2	2507
Shallow 2020-09-09	2747
Shallow 4.0	2849
Shallow 5	2874
Shallow Blue 1.0.2	1264
Shallow Blue 1.1.0	1727
Shallow Blue 2.0.0	1854
Shallow Guess 0.1.0	2576
Shallow Guess 0.4.0	2931
Shallow Guess 1.0.0	2898
SharpChess2 2.6	1695
SharpChess2 2.6.9	1832
Sharper 0.17	2065
ShashChess	3377
ShashChess 11.0	3495
ShashChess 12.0	3519
ShashChess 15.0	3582
ShashChess 19.3	3574
ShashChess 20.2	3610
ShashChess 21.1	3605
ShashChess 22	3618
ShashChess 26.0	3628
ShashChess 4.0	3423
ShashChess 6.0	3422
ShashChess 8.0	3454
ShashChess GZ	3635
ShashChess Santiago	3656
Shen Yu 1.0.1	2287
Shen Yu 2.0.1	2529
Shield 1.0	2287
Shield 1.1	2411
Shield 1.2	2531
Shield 1.3.1	2589
Shield 2.0	2760
Shield 2.1	2791
Shredder 10	2827
Shredder 11	2900
Shredder 12	3004
Shredder 13	3220
Shredder 9	2793
Shredder Classic 4 c't	2845
Shuffle 1.2.1	2216
Shuffle 5.2.0	2331
Simbelmyne 1.10.0	3198
Simbelmyne 1.3.1	2576
Simbelmyne 1.5.1	2772
Simbelmyne 1.6.0	2838
Simbelmyne 1.7.0	2947
Simbelmyne 1.8.0	3037
Simbelmyne 1.9.0	3069
Simon 1.2	1791
Simon 1.3	1792
Simontacchi 1.81	2006
Simplex 0.9.3	2258
Simplex 0.9.7	2396
Simplex 0.9.8	2484
Sirius 5.0	2745
Sirius 6.0	2990
Sirius 7.0	3224
Sirius 8.0	3370
Sirius 9.0	3461
Sissa 2.0	2072
Sjaak 399	2123
SjaakII 1.3.0	2275
SjaakII 1.4.1	2263
Sjakk 1.1.5	2093
Sjakk 1.1.6	2167
Sjakk 1.1.7	2206
Sjakk 1.1.8	2337
Sjakk 1.1.9	2380
Sjakk 2.0	2507
Sjakk 2.1	2592
Sjakk 2.2	2695
Sjeng 12.13	2460
Skaki 1.23	1553
Skiull 0.1	1710
Skiull 0.2	1895
Skiull 0.3	1955
Skiull 0.5	2039
Skiull 0.6	2106
Slibo 0.5.1	2106
Sloppy 0.1.0	2582
Sloppy 0.1.1	2612
Sloppy 0.2.0	2663
Sloppy 0.2.2	2669
Slow Chess 2.2	3294
Slow Chess 2.3	3319
Slow Chess 2.4	3342
Slow Chess 2.5	3383
Slow Chess 2.54	3388
Slow Chess 2.6	3421
Slow Chess 2.7	3447
Slow Chess 2.8	3477
Slow Chess 2.83	3466
Slow Chess 2.9	3481
Slow Chess Blitz WV2	2678
Slow Chess Blitz WV2.1	2674
SlowChess Blitz 2.3	3326
SlowChess Blitz 2.4	3351
SlowChess Blitz 2.5	3378
SlowChess Blitz 2.54	3399
SlowChess Blitz 2.6	3443
SlowChess Blitz 2.7	3457
SlowChess Blitz 2.8	3488
SlowChess Blitz 2.83	3502
SlowChess Blitz 2.9	3500
SlowChess Blitz Classic 1.4	3023
SlowChess Blitz Classic 1.5	3013
SlowChess Blitz Classic 1.6	3047
SlowChess Blitz Classic 1.8	3103
SlowChess Blitz Classic 1.9	3148
SlowChess Blitz Classic 2.0	3201
SlowChess Blitz Classic 2.1	3235
SlowChess Blitz Classic 2.2	3308
Small Potato 0.6.1	2114
Small Potato 0.7.0	2162
Smallbrain 1.1	2290
Smallbrain 2.0	2353
Smallbrain 3.0	2945
Smallbrain 4.0	3031
Smallbrain 5.0	3182
Smallbrain 6.0	3335
Smallbrain 7.0	3393
SmarThink 0.17a	2602
SmarThink 1.00	2724
SmarThink 1.10	2775
SmarThink 1.20	2798
SmarThink 1.40	2864
SmarThink 1.50	2887
SmarThink 1.60	2883
SmarThink 1.70	2955
SmarThink 1.80	2997
SmarThink 1.90	2986
SmarThink 1.95	3027
SmarThink 1.96	3042
SmarThink 1.97	3041
SmarThink 1.98	3051
Smash 1.0.3	2058
Smash 1.0.3a	2174
SMIRF 178eBC	2063
Smirf BC-178f	1897
smol.cs 1.61	2688
SnailChess 4.013	2018
Snitch 1.6.2	2497
Snowy 0.2	2093
Soberango 0.07.2	1310
Soberango 0.09.2	1285
Soberango 0.09.8	1350
Soberango 0.10.3	1325
Soberango 0.12.0	1340
SoFCheck 0.9 beta	2509
SoFCheck 0.9.1 beta	2496
Soldat 0.25b	1927
Soldat 4.0 beta	2522
Soldat III 0.172	2076
Soldat III 0.178	2145
Soldat III 0.187	2267
Solo 1.6.0	2783
Solo 2.0.0	2932
Soomi 1.1.5	2326
Soomi 1.2.0	2536
Sorgenkind 0.4	2439
SOS 5.1	2631
SpaceDog 0.97.4	2205
SpaceDog 0.97.5.1	2272
SpaceDog 0.97.7	2341
Spaghet BologNNese 1.0	3559
Spaghet MariNNara 1.0	3426
Spark 0.3	2891
Spark 0.3a	2884
Spark 0.4	2920
Spark 0.5	2948
Spark 1.0	2952
Spartan 1.0	1813
SpiderChess 070603	2517
Spike 1.0a	2708
Spike 1.1	2738
Spike 1.2	2769
Spike 1.4	2962
Spike 1.4.1	2957
Squared-chess 1.1.0	2104
Squared-chess 1.2.0	2104
Squared-chess 1.3.0	2192
SSEChessII 2.05	2092
St Andersen 1.31	1642
StAndersen 1.31	1620
Starzix 1.0	3211
Starzix 2.1	3322
Starzix 3.0	3437
Starzix 4.0	3485
Starzix 5.0	3538
Starzix 6.0	3601
Stash 11.0.1	1893
Stash 12.0	2099
Stash 13.0.1	2153
Stash 14.0	2221
Stash 15.3	2336
Stash 17.0	2446
Stash 18.0	2511
Stash 19.0	2576
Stash 20.0.1	2601
Stash 21.0	2774
Stash 21.2	2840
Stash 23.0	2938
Stash 25.0	2955
Stash 27.0	3048
Stash 28.0	3074
Stash 29.0	3114
Stash 30.0	3126
Stash 31.0	3178
Stash 32.0	3202
Stash 33.0	3241
Stash 34.0	3283
Stash 35.0	3303
Stash 36.0	3336
Stash 37.0	3374
Stash 9.0.1	1592
Stellar 1.3.0	2365
Stellar 1.4.3	2221
Sting SF 10.1	3061
Sting SF 15	3088
Sting SF 19	3054
Sting SF 2	3085
Sting SF 3	3090
Sting SF 4	3071
Sting SF 4.6	3089
Sting SF 4.7	3090
Sting SF 4.8.4	3115
Sting SF 5	3090
Sting SF 6	3099
Sting SF 6.1	3078
Sting SF 6.7	3084
Sting SF 7.3	3051
Sting SF 8.1	3081
Sting SF 8.5	3066
Sting SF 9	3067
Sting SF 9.9	3052
Sting SF 9.99	3076
Sting SF BlackHole 10	3048
Sting SF BlackHole 11	3086
Sting SF BlackHole 4	3066
Sting SF BlackHole 9	3021
StockDory 0.1	3347
StockDory 06072023	3316
StockDory Starfish 0.1	3349
StockFiNN 0.2	3478
Stockfish 020514	3260
Stockfish 071017	3452
Stockfish 1.01	2795
Stockfish 1.2	2834
Stockfish 1.3.1	2871
Stockfish 1.4	2918
Stockfish 1.5.1	2955
Stockfish 1.6	3007
Stockfish 1.6.3	3030
Stockfish 1.6s	3045
Stockfish 1.7.1	3087
Stockfish 1.8	3089
Stockfish 1.9.1	3099
Stockfish 10	3527
Stockfish 11	3574
Stockfish 12	3668
Stockfish 13	3671
Stockfish 14	3684
Stockfish 14.1	3695
Stockfish 15	3680
Stockfish 15.1	3696
Stockfish 16	3697
Stockfish 16.1	3667
Stockfish 17	3675
Stockfish 17.1	3656
Stockfish 18	3674
Stockfish 2.0.1	3113
Stockfish 2.1.1	3119
Stockfish 2.2	3107
Stockfish 2.2.2	3134
Stockfish 2.3.1	3246
Stockfish 200807 sv200805 0633	3657
Stockfish 3	3165
Stockfish 4	3201
Stockfish 5	3277
Stockfish 6	3384
Stockfish 7	3371
Stockfish 8	3436
Stockfish 9	3476
Stockfish DD	3240
Stockfish final HCE	3484
StockNemo 3.0.0.2	2408
StockNemo 5.0.0.0	2880
StockNemo 5.1.0.0	2946
StockNemo 5.3.0.0	3076
StockNemo 5.7.0.0	3240
Stoofvlees II a10	3204
Stoofvlees II a11	3375
Stoofvlees II a12	3411
Stoofvlees II a13	3415
Stoofvlees II a14	3442
Stoofvlees II a16	3505
Stoofvlees II a18	3510
Stoofvlees II a19	3546
Stoofvlees II b5	3563
Storm 0.6	1770
Stormphrax 1.0.0	3329
Stormphrax 2.0.0	3411
Stormphrax 3.0.0	3418
Stormphrax 4.0.0	3489
Stormphrax 4.1.0	3503
Stormphrax 5.0.0	3528
Stormphrax 6.0.0	3582
Stormphrax 7.0.0	3619
Strategic Deep 1.25	1316
Strelka 1.0b	2792
Strelka 1.8	2797
Strelka 2.0 B	2900
Strelka 5.1	3160
Strelka 5.5	3121
STRO4K 3.0	2872
STRO4K 4.0	2912
Stro4k 5.0	2975
Sturddle 0.99	3026
Sturddle 1.04	3123
Sturddle 2.01	3136
Sturddle 2.02	3164
Sturddle 2.3.1	3210
Sturddle 2.4.0	3246
Sturddle 2.5.0	3265
Suff 0.3.a	1585
SugaR 1.6.1	3472
SugaR AI 1.00	3587
SugaR AI 2.50	3609
SugaR NN 1.1	3477
SugaR NN 310719	3495
SugaR XPrO 1.2	3430
SugaR XPrO 1.3	3421
SugaR XPrO 1.4	3455
SugaR XPrO 1.5.3	3427
SugaR XPro NN 1.0	3504
Sungorus 1.2	2263
Sungorus 1.3	2350
Sungorus 1.4	2392
Sunsetter 10.3	2260
Supernova 1.0.1	2137
Supernova 2.0	2255
Supernova 2.1.4	2412
Supernova 2.2	2618
Supernova 2.2.1	2589
Supernova 2.3	2717
Supernova 2.4	2747
Superultra 1.0	3438
SuperUltra 1.0	3420
Superultra 2.0	3465
Superultra 2.1	3466
Supra 11.5.1	1454
Supra 12.0	1488
Supra 15.0	1583
Supra 23.0	1665
Supra 23.1	1630
Supra 25.0	1631
Supra 26.0	1651
Supra 27.0	1638
Supra 28.0	1661
Surprise 4.3b13	2007
Svart 2	2514
Svart 3	2909
Svart 3.1	2947
Svart 4	3110
Svart 5	3218
Svart 6	3234
SxRandom 1	473
Sykora 0.1.0	2493
Sykora 0.2.2	3213
T.rex 1.9	1461
Taltos	2491
Talvmenni 0.1	1331
Tamerlane 0.2	1826
Tantabus 1.0.2	2459
Tantabus 2.0.0	2637
Tao 5.4	2530
Tao 5.6	2559
Tarnished 1.0	2566
Tarnished 2.0	3161
Tarnished 2.1	3371
Tarnished 3.0	3520
Tarnished 4.0	3563
Tarnished 5.0	3624
Tarrasch Toy Engine 0.906	1643
Tcheran 1.0	2078
Tcheran 10.0	3487
Tcheran 11.0	3539
Tcheran 2.1	2387
Tcheran 2.2	2413
Tcheran 2.3	2463
Tcheran 2.4	2446
Tcheran 3.0	2555
Tcheran 4.0	2620
Tcheran 5.0	2760
Tcheran 5.1	2764
Tcheran 6.0	2963
Tcheran 7.0	3195
Tcheran 8.0	3320
Tcheran 9.0	3360
Teki 1	2495
Teki 2	2485
Terra 3.4	2441
Testina 2.2	1273
Testina 3c	1826
Texel 1.01	2836
Texel 1.02	2883
Texel 1.03	2975
Texel 1.04	3024
Texel 1.05	3068
Texel 1.06	3089
Texel 1.07	3116
Texel 1.08	3123
Texel 1.09	3321
Texel 1.10	3397
Texel 1.11	3446
Texel 1.12	3500
The Baron 1.7.0	2538
The Baron 1.8.1	2617
The Baron 2.23	2629
The Baron 3.29	2825
The Baron 3.41	2869
The Baron 3.42	2835
The Baron 3.43	2910
The Baron 3.44	2928
The Baron 3.45	2944
The Crazy Bishop 0052	2452
TheLightning 2.0.4	1593
TheMadPrune 1.1.25	2864
Thinker 4.7a	2603
Thinker 5.1d	2783
Thinker 5.1e	2815
Thinker 5.2e	2827
Thinker 5.3b	2880
Thinker 5.4a	2878
Thinker 5.4c	2911
Thinker 5.4d	2919
Thor's Hammer 2.28	2430
Thor's Hammer 2.29	2390
Thrawn 1.1	2092
Tigran 2.3	2340
Tigran 2.4n	2448
Tikov 0.6.3	1416
Tinman 0.1.1	1860
Tinman 0.1.2	1862
Tinman 0.2.0	2008
Tinman 0.3.0	1993
Tinman 0.4.0	2078
Tiny Chess 1.46	2277
Titan 1.1.0	3573
TJchess 0.121	2223
TJchess 0.121R	2228
TJchess 1.01	2411
TJchess 1.1	2432
TJchess 1.3	2483
Toad 1.0.0	2001
Toad 2.0.0	2554
Toad 3.0.0	2684
Tofiks 1.2.0	1960
Tofiks 1.3.0	2012
Toga 4 1.11	3315
Toga 4 Rebel14.1-NN	3246
Toga II 1.1a	2796
Toga II 1.2	2797
Toga II 1.2.1a	2796
Toga II 1.3.1	2814
Toga II 1.3.4	2834
Toga II 1.4 beta5c	2857
Toga II 1.4.1SE	2872
Toga II 1.4.1SE6	2889
Toga II 3.0	2888
Toga II 3.1.2SE	2878
Toga II 4.0	2943
Toga III 0.2	3133
Toga III 0.3.12	3141
Toga IV 1.1	3313
Toledo Nanochess Jan/11/2010	1416
Tom Thumb 0.1	1766
Tom Thumb 0.2	1838
Tom Thumb 0.3	1852
Tom Thumb 0.4	1841
tomitankChess 1.4	2591
tomitankChess 1.5	2603
tomitankChess 2.0	2698
tomitankChess 2.1	2672
tomitankChess 3.0	2825
tomitankChess 4.0	2876
tomitankChess 4.2	2887
tomitankChess 5.0	2939
tomitankChess 5.1	2965
tomitankChess 5.3	2975
tomitankChess 6.0	3030
Tony's Chess 0.02	1579
Tony's Chess 0.03	2026
Topas 1.3.3	1939
Topple 0.0.3	2163
Topple 0.1.1	2435
Topple 0.2.1	2537
Topple 0.3.1	2588
Topple 0.3.3	2687
Topple 0.3.4	2731
Topple 0.3.5	2773
Topple 0.4.0	2771
Topple 0.5.0	2857
Topple 0.6.1	2865
Topple 0.7.0	2882
Topple 0.7.1	2944
Topple 0.7.2	2945
Topple 0.7.3	2946
Topple 0.7.4	3000
Topple 0.7.5	3016
Topple 0.8.0	3040
Topple 0.8.1	3037
Topple 9e741b2	1910
Torch v1	3658
Torch v2	3659
Torch v3	3654
Torch v4	3649
Torch v4d	3655
Tornado 1.0	2345
Tornado 2.1.41a	2590
Tornado 2.2	2618
Tornado 3.21a	2618
Tornado 3.42a	2619
Tornado 3.6.7	2675
Tornado 3.67	2642
Tornado 4.3	2748
Tornado 4.4	2796
Tornado 4.40	2768
Tornado 4.82	2745
Tornado 4.87a	2749
Tornado 4.88	2859
Tornado 6.0	2846
Tornado 7.0	2858
Tornado 8.0	2871
Tornado 9.0	3232
Trace 1.35	2516
Trace 1.36	2562
Trace 1.37a	2563
Trappist	1689
Trinket 1.0.0	1783
Trinket 2.0.0	1860
Trinket 3.0.0	2256
Trinket 3.5.0	2815
Tristram 3.36	1815
Tristram 4.16	1880
Truncator 1.0	3030
TSCP 1.81	1860
Tucano 1.04	2611
Tucano 10.00	3358
Tucano 11.00	3343
Tucano 12.00	3438
Tucano 2.00	2643
Tucano 3.00	2653
Tucano 4.00	2721
Tucano 5.00	2744
Tucano 6.00	2788
Tucano 7.00	2911
Tucano 7.05	2897
Tucano 7.06	2903
Tucano 7.07	2921
Tucano 8.00	2938
Tucano 9.00	3020
Tunguska 1.0	2248
Tunguska 1.1	2510
Tunguska 2.0	3072
Turbulence 0.0.3	2360
Turbulence 0.0.4	2789
Turbulence 0.0.5	2985
Turbulence 0.0.6	3410
Turbulence 0.0.7	3472
Turbulence 0.0.8	3497
Twisted Logic 0.065e35	2579
Twisted Logic 0.080b26	2582
Twisted Logic 0.085	2583
Twisted Logic 0.099x	2581
Twisted Logic 20071202x	2523
Twisted Logic 20080404x	2545
Twisted Logic 20080620	2775
Twisted Logic 20090922	2816
Twisted Logic 20100131x	2810
Twisted Logic 20100815	2896
Typhoon 1.00-285	2454
Typhoon 1.00-314	2472
Typhoon 1.00-348	2512
Typhoon 1.00-358	2479
Tyrell 1.02	2048
Tytan 9.3	2444
Tytan 9.32	2415
Ufim 7.01	2567
Ufim 8.00	2593
Ufim 8.02	2607
uMax 1.6w	1540
Uragano 3D 0.87	2207
Uragano 3D 0.92	2208
Uralochka 1.1b	2299
Uralochka 1.1d	2314
Uralochka 3.35a	3312
Uralochka 3.36c	3391
Uralochka 3.37c	3413
Uralochka 3.38c	3441
Uralochka 3.39d	3475
Uralochka 3.40a	3543
Uralochka 3.41a	3567
Uralochka 3.42a	3604
Usurpator II	1354
Vajolet 0.4.1	1667
Vajolet 1.62.1	2301
Vajolet 2.03	2697
Vajolet 2.48	2726
Vajolet2 1.28	2886
Vajolet2 1.44	2916
Vajolet2 1.45	2914
Vajolet2 2.0	2948
Vajolet2 2.1	2957
Vajolet2 2.2	2992
Vajolet2 2.3	3000
Vajolet2 2.4	3013
Vajolet2 2.5	3058
Vajolet2 2.6	3101
Vajolet2 2.6.1	3113
Vajolet2 2.7	3135
Vajolet2 2.8	3131
Vajolet2 3.0	3229
Valiant Mk8	1303
VanillaChess 2.6g	1733
Vapor 0.01r12	1788
Vault 0.4.0	3072
Velvet 1.0.0	2609
Velvet 1.1.0	2733
Velvet 1.2.0	2821
Velvet 2.0.0	2930
Velvet 3.0.0	3067
Velvet 3.1.0	3137
Velvet 3.2.0	3261
Velvet 3.3.0	3298
Velvet 4.0.0	3327
Velvet 4.1.0	3361
Velvet 5.0.0	3364
Velvet 5.1.0	3385
Velvet 5.2.0	3421
Velvet 5.3.0	3432
Velvet 6.0.0	3464
Velvet 7.0.0	3507
Velvet 7.1.0	3518
Velvet 7.3.0	3535
Velvet 8.0.0	3551
Velvet 8.1.0	3571
Velvet 8.1.1	3561
Vengeance 1.0.0	2692
Vengeance 1.1.0	2708
Vengeance 1.2.2	2746
Vengeance 2.0.0	2805
Vengeance 3.0.0	3002
Vice 1.0	2160
Vicki 0.041a	1878
Victoire 1.3.0	1510
Violet 1.1	1710
Violet 2.0	1832
Violet 2.5	1632
Violet 3.0	1788
Violet 4.0	1722
Viper 0.1	2528
Viridithas 10.0	3478
Viridithas 10.0.0	3480
Viridithas 11.0.0	3510
Viridithas 12.0.0	3534
Viridithas 13.0.0	3555
Viridithas 14.0.1	3570
Viridithas 15.0.0	3596
Viridithas 16.0.0	3598
Viridithas 17.0.0	3611
Viridithas 18.0.0	3623
Viridithas 19.0.1	3637
Viridithas 2.4.0	2570
Viridithas 2.7.0	2795
Viridithas 3.0.0	2961
Viridithas 4.0.0	3024
Viridithas 5.1.0	3127
Viridithas 6.0.0	3234
Viridithas 7.0.0	3314
Viridithas 8.0.0	3363
Viridithas 8.1.0	3391
Viridithas 9.0.0	3450
Viridithas 9.1.0	3461
Virutor Chess 1.1	1539
Virutor Chess 1.1.2	1535
Vitruvius 1.11C	3113
Vividmind 1.0.1	1498
Vividmind 1.1.0	1657
Vividmind 2.0.0	1728
Wahoo 1.0.0	1855
Wahoo 3.0.0	2909
Wahoo 4.0.0	3072
Walleye 1.3.0	1593
Walleye 1.5.1	1829
Walleye 1.6.0	1936
Warrior 1.0.3	2032
Wasabi 1.2.1	2369
Wasabi 1.3.0	2437
Wasabi 1.4.0	2520
Wasabi 1.5.0	2635
Wasp 1.01	2915
Wasp 1.02	2914
Wasp 1.25	2951
Wasp 2.00	2972
Wasp 2.01	2987
Wasp 2.6	2998
Wasp 3.0	3036
Wasp 3.50	3077
Wasp 3.60	3082
Wasp 3.75	3114
Wasp 4.0	3136
Wasp 4.50	3172
Wasp 5.00	3278
Wasp 5.20	3295
Wasp 5.50	3336
Wasp 6.00	3386
Wasp 6.50	3430
Wasp 7.00	3448
Waxman 2008	2234
Waxman 2009	2330
Waxman 2010	2346
Waxman 2011	2330
Waxman 2013	2382
Waxman 2014	2438
Waxman 2015	2403
Waxman 2016	2405
Waxman 2017	2412
Waxman 2020	2444
Waxman 2022	2504
WChess 1.06	2420
WChess 1.6	2477
Weak 1.0.0	3087
Weasel 1.0.2 beta	2081
Weiawaga 4.0	2601
Weiawaga 5.0	2908
Weiawaga 6.0	3385
Weini 0.0.20	2189
Weini 0.0.23	2321
Weini 0.0.24	2308
Weiss 0.10	2880
Weiss 0.6	2521
Weiss 0.7	2628
Weiss 0.8	2686
Weiss 0.9	2718
Weiss 1.0	2915
Weiss 1.1	3000
Weiss 1.2	3047
Weiss 1.3	3115
Weiss 1.4	3204
Weiss 2.0	3274
Weiss 220905	3312
Weiss 230309	3344
WhiteCore 0.2	3201
WildCat 6	2629
WildCat 7	2667
WildCat 8	2682
Willow 2.5	2473
Willow 2.6	2626
Willow 2.7	2724
Willow 2.8	2896
Willow 2.9	2996
Willow 3.0	3211
Willow 3.1	3340
Willow 4.0	3462
Wilted 1.0.0.0	2712
Wing 2.01	2220
Wing 2.0a	2219
Winter 0.1.1	2552
Winter 0.2	2697
Winter 0.3	2808
Winter 0.4a	2876
Winter 0.5	2952
Winter 0.6	2979
Winter 0.7	3025
Winter 0.8	3081
Winter 0.9	3154
Winter 1.0	3184
Winter 2.0	3221
Winter 3.0	3318
Winter 4.0	3437
WJChess 1.64	2240
Wowl 1.3	2117
Wowl 1.3.7	2037
Wowl 1.3.8	1985
Wukong 2020-09-16	1627
WukongJS 1.4	1949
WukongJS 1.5	2014
Wuttang r2	2117
WyldChess 1.0	2554
WyldChess 1.1	2559
WyldChess 1.2	2520
WyldChess 1.3	2607
WyldChess 1.4	2681
WyldChess 1.51	2699
WyldChess 20161017	2259
Xadreco 5.7	1270
Xiphos 0.1	3030
Xiphos 0.2	3079
Xiphos 0.2.2	3062
Xiphos 0.3	3141
Xiphos 0.4	3209
Xiphos 0.4.18	3220
Xiphos 0.4.6	3183
Xiphos 0.5	3260
Xiphos 0.5.3	3279
Xiphos 0.5.6	3277
Xiphos 0.6	3291
Xpdnt 080927	2379
Xpdnt 090704	2417
Xpdnt 091007	2545
Yace 0.99.87	2564
Yakka 1.0	2806
Yakka 1.1	2838
Yakka 1.2	2902
Yakka 1.3	3056
Yakka 1.4	3119
Yakka 1.5	3217
YAWCE 0.16	1631
Ynode 0102	2888
Ynode 0130	2963
Ynode 0132	2966
Ynode 0133	3119
Ynode 0136	3243
Ynode 0141	3339
Ynode 0144	3365
Ynode 0177	3377
Ynode 0189	3411
Ynode 0194	3443
Ynode 0213	3485
Ynode 0215	3480
Ynode 0219	3490
Ynode 0234	3499
Youk 1.0.5	1239
Yukari 2024.12.1	2871
Yukari 2025.11.1	3469
Yukari 2025.2.4	3090
Yukari 2025.3.4	3323
Yukari 2025.4.1	3439
Zagreus 2.2.0	1703
Zagreus 2.3.1	1689
Zagreus 3.0	1893
Zagreus 4.1	2220
Zagreus 5.0	2330
Zahak 0.2.1	1953
Zahak 0.3.0	2052
Zahak 1.0.0	2131
Zahak 10.0	3297
Zahak 3.0	2493
Zahak 4.0	2638
Zahak 5.0	2773
Zahak 6.2	2864
Zahak 7.0	2983
Zahak 7.1	2970
Zahak 8.0	3133
Zahak 9.0	3260
Zangdar 0.28	2096
Zangdar 2.11.02	2507
Zangdar 2.14.06	2608
Zangdar 2.15.03	2614
Zangdar 2.17.09	2818
Zangdar 2.19.03	2929
Zangdar 2.24	2988
Zangdar 2.27.08	3074
Zangdar 2.29	3195
Zangdar 2.29.01	3201
Zangdar 2.30	3250
Zangdar 2.31	3278
Zangdar 2.31.04	3276
Zangdar 3.04	3357
Zangdar 4.01	3478
Zangdar 4.04	3488
Zangdar 5	3518
Zangdar 5.00.02	3520
Zangdar 6.1	3526
Zangdar 6.1.1	3528
Zap!Chess	2864
Zappa 1.1	2654
Zappa Mexico	2890
Zappa Mexico II	2902
Zarkov 6.55	2678
ZCT 0.3.2451	2297
ZCT 0.3.2500	2166
Zeta Dva 0204	2107
Zeta Dva 0210	2147
Zeta Dva 0220	2084
Zeta Dva 0301	2129
Zeta Dva 0303	2096
Zeta Dva 0305	2096
Zeta Dva 0306	2070
Zeta Dva 0310	2076
Zeta v0.99l	1999
Zeta v0.99m	2017
Zeus 1.27	2398
Zeus 1.28	2358
Zeus 1.29	2367
Zevra 1.21	1884
Zevra 1.31	1906
Zevra 1.5	2017
Zevra 1.6	2003
Zevra 1.6.1	2071
Zevra 1.8.1	2274
Zevra 1.8.2	2277
Zevra 1.8.3	2324
Zevra 1.8.4	2324
Zevra 1.8.5	2356
Zevra 1.8.6	2377
Zevra 2.0	2504
Zevra 2.1.1	2460
Zevra 2.1.2	2489
Zevra 2.2.1	2543
Zevra 2.5	2721
Zevra 2.6	2850
Ziggurat 0.18	1918
Ziggurat 0.22	1891
Ziggy 0.7	1893
Zoe 0.1	1201
Zoidberg 0.1	1871
Zotron 4.4.6	1747
Zurichess 150116	1866
Zurichess Appenzeller	1960
Zurichess Bern	2350
Zurichess Fribourg	2511
Zurichess Geneva	2562
Zurichess Glarus	2635
Zurichess Graubuenden	2768
Zurichess Jura	2818
Zurichess Luzern	2867
Zurichess Neuchatel	2916
Zzzzzz 3.51	1880